0,-72.140337,44.411036
1,-103.662538,41.864268
2,-73.994358,40.404837
3,-116.058946,34.135760
4,-84.181030,39.762593
5,-88.425186,41.356383
6,-85.296147,44.292952
7,-87.629595,41.781896
8,-87.5905914,41.7840790
9,-84.279874,30.461953
10,-123.816413,46.972973
11,-81.977160,36.708863
12,-90.038907,30.479064
13,-83.546357,38.795296
14,-77.234147,39.830597
15,-76.937407,40.273997
16,-155.9236509,19.5257840
17,-74.207478,39.992509
18,-89.801733,35.127452
19,-157.844930,21.287867
20,-82.441514,28.481294
21,-82.3525150,29.7106652
22,-98.481174,29.493258
23,-105.865006,37.467321
24,-123.106097,44.635052
25,-85.235831,40.299191
26,-94.333605,40.247729
27,-75.916118,44.331171
28,-95.375902,45.890762
29,-92.466488,31.294467
30,-87.435983,44.607438
31,-95.400669,37.927427
32,-122.858722,45.480164
33,-120.542201,41.483907
34,-75.225298,40.153501
35,-93.614943,42.025222
36,-84.099043,34.437795
37,-86.717491,36.257792
38,-113.139108,46.099059
39,-122.609181,48.516974
40,-82.652197,34.506898
41,-84.917629,38.076447
42,-87.668602,41.981745
43,-71.143138,42.653616
44,-77.196229,38.832801
45,-94.1238322,45.2636097
46,-89.149850,45.138703
47,-88.094570,42.478128
48,-88.40703,44.26201
49,-71.305831,41.483658
50,-71.309790,41.509894
51,-71.304555,41.509123
52,-73.146078,43.072884
53,-71.431600,41.814767
54,-90.353093,38.453275
55,-81.304341,29.027562
56,-82.073422,33.365531
57,-71.461538,42.260027
58,-123.830150,46.188719
59,-90.667327,35.840771
60,-95.119878,39.560737
61,-82.056622,39.336038
62,-83.380247,33.959088
63,-83.4121317,33.9644564
64,-116.707904,47.944594
65,-71.299235,41.937562
66,-118.260151,34.117828
67,-122.218459,47.298267
68,-76.699995,42.744684
69,-93.7201867,36.9489080
70,-97.741448,30.387094
71,-86.38263,39.765279
72,-72.8604480,41.7897100
73,-104.702384,39.014791
74,-104.701697,39.029861
75,-104.698264,39.013991
76,-86.8176960,39.7622329
77,-92.370763,44.966999
78,-122.384500,47.667512
79,-81.031222,33.300136
80,-68.7716490,44.8039587
81,-120.878152,38.840227
82,-74.221654,39.753903
83,-83.721123,33.993074
84,-107.034736,39.368957
85,-99.536625,42.582541
86,-97.311627,30.111777
87,-88.306027,41.851028
88,-85.221859,39.298852
89,-85.185150,42.320090
90,-95.150682,29.548702
91,-96.747301,40.273594
92,-83.705633,37.591129
93,-94.169203,30.067686
94,-99.827615,40.138332
95,-86.877647,37.407199
96,-93.684710,41.612479
97,-71.525849,42.938268
98,-74.646889,40.662856
99,-76.351011,39.535284
100,-97.630924,39.822988
101,-83.482812,42.201917
102,-122.469657,48.75262
103,-78.053508,42.234077
104,-94.525252,38.808556
105,-94.880609,47.469337
106,-122.161188,38.046215
107,-96.503262,40.680612
108,-94.208458,36.372637
109,-78.227534,39.624722
110,-83.839418,41.715538
111,-70.86243,43.269956
112,-86.951370,33.401130
113,-86.990644,33.373082
114,-90.053468,38.902967
115,-75.056515,38.538397
116,-77.099890,38.986761
117,-75.3784029,40.6098058
118,-118.398746,34.073685
119,-82.935745,39.957135
120,-116.866714,34.260803
121,-93.758167,45.333773
122,-93.747475,45.329205
123,-71.269999,42.557646
124,-75.810113,40.262329
125,-100.796471,46.803081
126,-74.955689,40.982893
127,-79.944435,40.459005
128,-86.5369425,39.1703084
129,-86.539649,39.149906
130,-84.389892,39.251798
131,-84.418747,38.014875
132,-83.892721,40.893082
133,-85.172111,40.743479
134,-76.601326,39.273864
135,-116.444084,43.532957
136,-116.191930,43.607980
137,-84.721563,39.022231
138,-93.879688,42.062726
139,-92.741591,38.955643
140,-79.912646,37.417795
141,-100.4459433,48.8262788
142,-112.117592,46.239153
143,-76.741902,38.978320
144,-82.630489,38.470783
145,-82.712555,38.400138
146,-85.015378,45.216850
147,-95.477537,29.676944
148,-71.004927,42.206437
149,-72.584070,42.849900
150,-72.560166,42.850844
151,-83.348327,37.535327
152,-122.628866,47.574253
153,-74.607976,40.588552
154,-112.015057,41.510773
155,-72.199901,42.122751
156,-71.418920,41.801869
157,-78.799904,38.611375
158,-71.018866,42.082799
159,-82.976997,39.971390
160,-124.244963,42.037301
161,-71.123782,42.342190
162,-94.551136,39.125212
163,-82.449304,28.654639
164,-85.012083,39.412804
165,-75.904648,42.129759
166,-71.400031,41.826418
167,-86.396445,39.844272
168,-91.2746971,45.4551101
169,-69.995923,43.890786
170,-75.317067,40.021168
171,-76.291807,37.041273
172,-68.796497,44.572636
173,-118.3079771,34.1828004
174,-77.263568,38.776991
175,-99.299066,43.185042
176,-73.215415,44.469730
177,-71.677124,41.967496
178,-86.617709,31.830281
179,-112.5364,46.01269
180,-95.269976,29.932940
181,-86.266810,41.657676
182,-87.835998,36.862889
183,-81.678425,28.355644
184,-120.667822,38.191243
185,-120.463811,38.136860
186,-72.016831,44.417224
187,-87.822883,42.769605
188,-122.13255,37.46778
189,-76.499596,38.294524
190,-119.041574,34.216518
191,-121.096629,35.564323
192,-121.819306,37.296867
193,-89.780754,30.275994
194,-120.973615,38.657829
195,-84.392139,38.978010
196,-84.451866,39.028829
197,-84.491761,39.090164
198,-121.954352,37.280232
199,-71.797436,42.256235
200,-82.401032,40.056586
201,-78.388368,43.220102
202,-118.601612,34.203746
203,-83.533591,42.308841
204,-81.374888,40.800650
205,-81.954459,26.564457
206,-89.519952,37.302782
207,-75.5262294,39.1576541
208,-77.030256,38.894748
209,-121.9270394,36.9872756
210,-121.912419,47.648587
211,-82.4614,34.641892
212,-79.077607,35.910781
213,-93.496941,39.358097
214,-119.768164,39.162841
215,-82.904359,38.331557
216,-83.180887,38.297610
217,-70.769182,41.888852
218,-71.423314,41.513010
219,-81.269507,35.712066
220,-80.1068482,37.3835006
221,-85.309910,34.132871
222,-122.8141034,45.5263877
223,-77.083526,34.682610
224,-84.582827,40.549633
225,-96.7869845,33.3247511
226,-118.256796,34.005326
227,-71.395650,41.885605
228,-122.680109,47.650238
229,-116.525258,33.817078
230,-116.521181,33.820251
231,-119.776881,36.874654
232,-119.789099,36.849327
233,-119.789095,36.849308
234,-114.227231,44.505154
235,-73.323048,44.661841
236,-73.294874,44.7968758
237,-77.858454,39.289073
238,-94.0363153,35.2970353
239,-71.621941,41.38411
240,,
241,-69.962249,41.676615
242,-96.222387,41.775832
243,-72.44747,43.98878
244,-77.504419,37.376728
245,-75.196931,40.067760
246,-121.838323,39.730823
247,-121.848452,39.758425
248,-121.595446,39.773680
249,-81.676633,36.802950
250,-80.5778246,35.5709810
251,-91.389337,44.934888
252,-84.750061,33.749649
253,-78.008079,37.077437
254,-82.257895,29.106489
255,-79.773582,34.198789
256,-157.852699,21.305408
257,-117.101527,32.747817
258,-85.475592,32.584813
259,-105.078652,40.387479
260,-73.112792,42.700694
261,-79.988803,40.400201
262,-93.473419,44.997274
263,-81.684217,41.369164
264,-82.932268,42.6958071
265,-93.009953,45.084125
266,-72.958562,41.325348
267,-72.888848,41.308956
268,-72.9188338,41.3011808
269,-72.917848,41.303232
270,-117.716418,34.095598
271,-72.339305,43.375823
272,-78.58945,42.98032
273,-117.039927,46.410563
274,-97.126471,39.376936
275,-97.407713,32.339893
276,-80.386699,36.033223
277,-77.058379,38.934817
278,-73.809271,42.869606
279,-75.378462,43.048866
280,-83.016501,40.034269
281,-85.6190650,31.7078144
282,-76.764414,39.316055
283,-75.662496,41.422523
284,-71.485463,41.572691
285,-71.423632,41.512000
286,-122.437378,37.46677
287,-122.495081,37.609415
288,-118.377845,46.041708
289,-72.923264,41.810819
290,-104.8146880,38.9377160
291,-104.822309,38.830543
292,-87.0304808,35.6187845
293,-92.364624,38.958293
294,-120.4100110,38.0293950
295,-97.360360,41.430012
296,-94.831459,37.171861
297,-122.014038,39.214999
298,-96.9110998,33.5491175
299,-122.657252,45.514708
300,-89.939947,34.513561
301,-72.672892,41.766118
302,-79.044831,33.833331
303,-92.412570,35.077695
304,-124.215299,43.367982
305,-91.584155,41.678726
306,-123.055169,45.521314
307,-97.392206,27.791601
308,-108.587634,37.348444
309,-123.258244,44.564828
310,-122.707298,38.326544
311,-85.674054,31.647050
312,-95.235146,38.950747
313,-85.072740,33.571347
314,-91.828516,45.443768
315,-81.553272,41.098698
316,-81.583614,41.189312
317,-81.515871,41.088850
318,-81.589922,41.192676
319,-72.345186,41.764283
320,-84.508855,39.088659
321,-97.442048,32.716447
322,-99.9901154,40.8606228
323,-109.58853,44.5205554
324,-86.903732,40.040652
325,-86.896007,40.046040
326,-118.335422,34.008706
327,-90.133127,29.932171
328,-90.058904,29.960279
329,-90.133127,29.932159
330,-83.1135499,41.3454080
331,-90.786483,35.223532
332,-76.990169,38.990479
333,-88.317010,42.243752
334,-118.394640,34.024936
335,-86.419302,41.218494
336,-86.422907,41.216815
337,-85.364614,36.790074
338,-85.961539,39.775860
339,-81.483560,41.130404
340,-92.414240,33.812858
341,-73.450227,41.397912
342,-93.153099,35.220839
343,-90.117445,42.677666
344,-90.571154,41.562863
345,-97.129955,41.264759
346,-96.0574386,44.9259444
347,-112.002561,40.547045
348,-90.552205,38.143674
349,-83.211488,42.313057
350,-84.296808,33.778773
351,-91.78475,43.301618
352,-89.339846,43.246672
353,-88.752032,41.931127
354,-97.360349,37.683757
355,-91.982453,29.941659
356,-73.825895,42.619919
357,-80.071595,26.462365
358,-122.358129,47.518781
359,-97.136334,33.213317
360,-122.329307,47.401657
361,-83.889459,42.339503
362,-75.151276,39.927056
363,-85.059414,39.018037
364,-77.037849,40.110975
365,-84.647388,42.646201
366,-83.176305,32.200790
367,-90.129944,42.962345
368,-108.903587,37.764836
369,-116.076720,44.730034
370,-71.060126,42.304202
371,-77.405887,37.5380571
372,-88.4725142,43.0131210
373,-70.875971,43.200765
374,-74.000805,40.746359
375,-73.773482,40.730800
376,-73.760008,40.933512
377,-73.730404,40.944797
378,-73.943291,40.724358
379,-73.959645,40.801254
380,-73.791017,40.933570
381,-73.863410,41.160793
382,-73.983867,40.672303
383,-73.826548,40.751776
384,-73.686043,40.983895
385,-75.705606,40.007243
386,-82.495552,29.790872
387,-83.2089890,42.2548010
388,-89.035555,42.499698
389,-122.271600,37.869819
390,-88.994107,40.480014
391,-88.996165,40.478127
392,-95.863185,32.557360
393,-121.840469,39.728991
394,-92.440867,35.088507
395,-96.545350,33.755828
396,-88.282543,42.036328
397,-87.686152,42.050620
398,-87.586443,37.993544
399,-88.3022291,36.6097959
400,-80.770914,34.721099
401,-88.302435,36.609868
402,-80.321851,27.449057
403,-88.446973,43.775364
404,-88.447092,43.777853
405,-88.017128,44.513118
406,-84.857359,39.095734
407,-84.1058237,40.7395472
408,-90.114634,32.460885
409,-87.395409,46.543488
410,-91.234721,35.6268
411,-122.578749,38.107536
412,-122.159029,37.445330
413,-112.073418,33.455875
414,-94.116000,36.332762
415,-122.0270374,36.9724758
416,-120.502787,46.602267
417,-88.693465,36.277008
418,-76.645847,39.317944
419,-121.878639,37.710402
420,-90.667851,42.504521
421,-92.093948,46.788805
422,-107.882758,37.273063
423,-78.901856,36.000559
424,-70.910656,43.136610
425,-121.986419,47.744679
426,-118.776299,39.473055
427,-96.432729,40.816121
428,-95.194557,29.975941
429,-84.344531,33.738679
430,-71.039467,42.374945
431,-71.076514,42.3313532
432,-95.342978,29.757511
433,-73.695566,42.618063
434,-118.308877,34.101510
435,-86.764338,36.172268
436,-74.209979,40.761250
437,-122.132550,37.469415
438,-84.442141,33.679488
439,-76.794875,42.088757
440,-122.493777,45.615372
441,-78.595325,42.97573
442,-72.669332,42.265213
443,-75.206274,40.689778
444,-83.900903,35.976258
445,-71.505011,41.901787
446,-118.258276,34.076409
447,-76.607401,36.062086
448,-122.376787,47.811264
449,-87.280716,45.049942
450,-116.960482,32.801659
451,-121.064292,38.651318
452,-118.039950,34.075484
453,-93.100656,42.360510
454,-97.370756,30.346425
455,-85.970818,41.687093
456,-72.4681079,41.9036393
457,-72.4903500,41.8697886
458,-83.122634,38.093439
459,-71.229493,42.349361
460,-78.877625,42.923862
461,-75.4903,40.5366
462,-86.063056,44.811224
463,-94.502691,37.087883
464,-118.5128542,34.1862306
465,-85.578248,46.119734
466,-82.684674,35.540990
467,-96.629391,32.327630
468,-121.987466,47.202843
469,-106.065805,36.003598
470,-122.331858,45.297544
471,-122.895854,41.458263
472,-93.746149,36.398616
473,-85.259592,43.899648
474,-158.007174,21.314954
475,-70.950053,42.983633
476,-73.266531,43.594490
477,-122.589980,37.985729
478,-77.308647,38.846056
479,-94.854471,36.747475
480,-117.417780,47.768387
481,-96.728376,40.877605
482,-96.723203,43.560777
483,-86.274997,39.894467
484,-116.688851,43.666163
485,-73.798353,42.665745
486,-106.789695,32.326444
487,-96.8952798,32.9178496
488,-151.135361,60.472775
489,-87.397090,40.137063
490,-87.396970,40.137120
491,-88.159755,41.767594
492,-85.217676,37.683658
493,-85.756240,39.791832
494,-111.893119,33.697831
495,-80.862568,32.234811
496,-94.446383,36.419093
497,-85.382985,38.737406
498,-93.255076,37.136365
499,-111.973274,41.220677
500,-95.775167,29.761952
501,-85.482096,37.244082
502,-85.307537,37.103437
503,-95.543858,29.533266
504,-77.189254,40.201689
505,-80.669759,40.377613
506,-155.449740,20.070927
507,-83.427938,39.53886
508,-85.139738,39.641132
509,-79.090143,35.800209
510,-122.073815,37.048109
511,-90.3027133,38.7375795
512,-92.556803,34.776925
513,-119.247333,39.594402
514,-122.393520,37.795162
515,-74.4669868,42.6792512
516,-84.540950,39.231610
517,-83.1700053,40.9509375
518,-92.031394,30.211573
519,-97.156597,37.723203
520,-87.245350,45.113436
521,-71.488239,41.380339
522,-83.759523,38.421407
523,-82.775995,37.670674
524,-85.896109,38.315002
525,-87.939701,43.061843
526,-106.3269901,42.8482536
527,-79.2854430,37.3643700
528,-123.112048,45.520653
529,-79.861110,40.425019
530,-78.44106,38.1087
531,-85.989646,39.865956
532,-94.803610,35.534732
533,-104.244013,34.470848
534,-88.178510,42.398071
535,-83.738212,43.344313
536,-84.880210,38.201613
537,-86.057680,39.479799
538,-82.950712,39.965067
539,-86.577261,36.724368
540,-87.594742,37.980191
541,-85.779261,40.222745
542,-84.356820,33.767590
543,-94.5268459,37.0526877
544,-90.582083,41.519748
545,-98.072988,29.717952
546,-121.812514,38.016546
547,-75.748454,39.9731925
548,-77.044967,38.911806
549,-95.191302,29.520767
550,-84.444349,39.068220
551,-85.136155,41.078388
552,-85.140411,41.074494
553,-95.888475,29.690226
554,-86.2158331,41.0647645
555,-74.003474,40.706222
556,-85.6404790,42.9639130
557,-78.800147,35.585512
558,-94.635517,37.075194
559,-94.640914,37.074792
560,-86.448948,36.388902
561,-117.4578357,33.9097475
562,-100.8532074,37.9772536
563,-94.925777,38.812999
564,-86.141830,39.731109
565,-87.705713,41.883908
566,-84.583209,37.614373
567,-85.598506,40.489812
568,-94.029739,33.430713
569,-91.844351,45.402192
570,-79.2817826,33.3662089
571,-95.422239,29.857439
572,-95.386342,29.780472
573,-95.433550,29.614043
574,-95.300902,29.734482
575,-95.304197,29.851549
576,-95.496227,29.711246
577,-95.356477,29.656412
578,-111.790943,33.354527
579,-71.332318,43.425347
580,-94.5730016,39.2214548
581,-85.986905,44.897978
582,-85.9347140,33.9578280
583,-73.653504,43.317546
584,-87.681844,41.837551
585,-71.444335,41.649602
586,-96.706451,32.829956
587,-92.624672,44.403334
588,-114.712524,42.932194
589,-75.221221,40.037308
590,-74.322899,41.401966
591,-91.552370,34.498020
592,-93.529757,47.221394
593,-79.978064,37.265053
594,-84.376724,33.725504
595,-73.943475,40.823804
596,-72.559612,42.606069
597,-79.977907,40.041867
598,-75.9112726897001,43.9720956981182
599,-104.689105,40.424001
600,-87.633865,41.915854
601,-87.650439,41.880039
602,-84.378551,33.784257
603,-94.584857,47.100539
604,-76.877296,39.001146
605,-78.384143,38.233858
606,-90.0653599,29.9165076
607,-92.724057,41.743189
608,-159.395575,21.965378
609,-91.1491139,30.4617557
610,-82.118340,33.387808
611,-91.095446,42.782433
612,-157.914948,21.373292
613,-78.92836,36.76317
614,-74.044847,40.727810
615,-84.565522,39.394328
616,-78.8531625,35.1865196
617,-68.847236,44.745580
618,-76.305582,36.912352
619,-93.209702,42.742892
620,-155.986942,20.750751
621,-159.499208,22.201731
622,-83.653004,41.039589
623,-76.982610,39.803273
624,-81.521429,41.080456
625,-85.2011808,41.0359345
626,-97.681611,31.073245
627,-97.694079,26.189375
628,-84.800573,44.019859
629,-84.286978,38.394075
630,-84.297879,38.390005
631,-85.889578,37.271492
632,-96.947438,43.632679
633,-73.947702,40.808707
634,-73.944530,40.674043
635,-73.966310,40.688145
636,-73.831007,40.870274
637,-73.966129,40.585510
638,-73.945625,40.790266
639,-73.940100,40.814968
640,-73.890698,40.820779
641,-73.846979,40.857347
642,-73.942520,40.655889
643,-73.948857,40.803029
644,-73.946220,40.785539
645,-73.909517,40.842700
646,-73.883864,40.880479
647,-73.911898,40.813850
648,-73.953193,40.822369
649,-157.713935,21.283943
650,-81.360033,41.150692
651,-81.337712,41.155218
652,-85.917230,39.726276
653,-82.798908,40.083073
654,-76.473204,37.916391
655,-111.167763,40.329639
656,-118.351434,34.094113
657,-82.458271,35.314825
658,-97.811491,40.778922
659,-96.426422,44.508647
660,-76.644722,39.4668834
661,-100.631876,40.199476
662,-84.096167,37.135019
663,-117.532318,34.110872
664,-109.2816730,34.1324115
665,-89.994281,34.823026
666,-77.387108,38.970411
667,-112.015037,40.515537
668,-87.248620,36.433597
669,-117.257633,34.473755
670,-80.012645,35.966162
671,-82.5962570,29.8255090
672,-79.586195,38.409646
673,-104.999685,39.547023
674,-94.5353089,42.5171234
675,-90.566655,38.232278
676,-122.990366,45.524375
677,-122.917552,45.534675
678,-122.692801,45.477581
679,-81.595690,31.846772
680,-70.888967,42.247351
681,-87.9286940,41.8036543
682,-93.050943,34.504886
683,-74.042428,40.719659
684,-83.309076,43.053482
685,-86.891858,40.418803
686,-75.150657,38.746394
687,-75.147417,38.767703
688,-75.147503,38.772404
689,-82.0088150,35.6824650
690,-87.405321,37.944042
691,-93.9908869,38.7186566
692,-78.394591,40.429065
693,-83.625343,42.790600
694,-78.836190,35.650573
695,-118.328191,34.099639
696,-76.420927,38.247929
697,-151.512342,59.638109
698,-87.666231,41.562264
699,-121.515814,45.710094
700,-121.960918,45.349594
701,-71.281930,41.725289
702,-71.356584,41.799956
703,-93.417104,44.925619
704,-87.489438,36.866111
705,-71.517770,42.229299
706,-103.479082,43.432276
707,-81.9424130,34.9562450
708,-73.7836920,42.2486560
709,-77.6103980,37.5195160
710,-77.610901,37.519378
711,-89.193194,37.730073
712,-89.247353,37.731906
713,-74.871267,40.505223
714,-78.017230,40.485653
715,-88.424435,42.168577
716,-97.548336,30.545152
717,-94.893800,32.528217
718,-76.941854,38.952822
719,-84.442416,39.139569
720,-95.470874,42.345173
721,-112.042508,43.494592
722,-83.074322,43.024290
723,-88.081353,37.334578
724,-91.8949732,42.4687056
725,-94.418179,39.093845
726,-74.270529,43.782397
727,-79.155021,40.621852
728,-85.0677261,42.9814841
729,-93.264356,42.521222
730,-73.901875,40.663651
731,-122.049115,47.550637
732,-84.598559,43.292319
733,-96.246607,44.465197
734,-105.384457,42.759014
735,-89.6659726,37.3778137
736,-90.862319,44.291599
737,-83.988324,37.430289
738,-83.922703,37.330559
739,-83.218394,35.375375
740,-83.224149,35.375581
741,-88.171891,43.309792
742,-89.023298,42.681669
743,-84.4343796,34.4674700
744,-75.156213,39.949940
745,-85.562797,38.195210
746,-82.8042,37.812048
747,-116.3182535,34.1349431
748,-134.4136031,58.2998500
749,-157.737337,21.395631
750,-119.781524,36.843017
751,-85.588501,42.275163
752,-157.869800,21.344726
753,-157.872454,21.335165
754,-155.662660,20.017794
755,-157.810103,21.409789
756,-158.066932,21.333263
757,-157.877976,21.327407
758,-87.976663,43.020291
759,-97.243807,32.926757
760,-87.819902,42.587189
761,-87.820653,42.587252
762,-87.819183,42.584009
763,-77.073728,39.026476
764,-85.595648,42.874394
765,-80.606634,34.243195
766,-80.341178,36.276367
767,-77.202800,38.276780
768,-74.019483,41.932986
769,-77.276198,38.8347926
770,-95.184629,30.047327
771,-92.584293,40.195114
772,-108.3605187,36.7507894
773,-70.736542,43.090021
774,-92.172403,40.167824
775,-83.867633,36.849364
776,-81.815322,26.433896
777,-75.705331,39.842787
778,-66.011273,18.431395
779,-118.379830,34.044973
780,-73.893737,40.846468
781,-73.891978,40.849357
782,-85.379458,38.407465
783,-76.978699,38.531647
784,-73.385668,41.235769
785,-93.577673,33.355445
786,-88.183818,42.180694
787,-122.664774,45.417855
788,-73.9841054,44.2770413
789,-94.193437,46.358912
790,-94.235284,46.352551
791,-77.4710931,37.6145155
792,-77.470522,37.614945
793,-81.8042660,41.4845390
794,-79.326095,42.103565
795,-96.751083,32.835725
796,-93.933204,40.623530
797,-89.832636,42.102271
798,-82.603853,39.712631
799,-106.948321,44.760524
800,-123.116207,44.056748
801,-123.091540,44.050826
802,-75.277496,40.234201
803,-105.080197,40.586073
804,-116.775987,46.736826
805,-86.564530,34.647522
806,-89.130033,31.692522
807,-86.048868,42.219637
808,-95.234480,38.968590
809,-95.235986,38.963018
810,-79.961092,40.467011
811,-89.254353,37.533392
812,-86.4690470,40.0456714
813,-72.212877,41.635781
814,-98.465436,29.609419
815,-80.183684,25.836451
816,-85.759459,45.022857
817,-94.803914,38.965267
818,-77.584119,35.260631
819,-84.6172030,39.1587027
820,-75.500665,43.794672
821,-91.866902,43.980991
822,-70.220379,44.096575
823,-70.172185,44.089594
824,-71.235394,42.444009
825,-71.206748,42.429242
826,-111.872426,40.744796
827,-79.2507333,40.2501886
828,-84.081093,33.859588
829,-114.5149,37.61666
830,-118.213092,34.073480
831,-118.213102,34.073591
832,-83.177664,42.249843
833,-117.170563,32.785209
834,-87.149098,39.039325
835,-73.189724,41.743812
836,-73.215193,41.740678
837,-92.680159,37.118045
838,-80.0850810,42.1155929
839,-117.167574,32.723123
840,-94.117600,33.661403
841,-78.640489,33.880648
842,-110.556707,45.654254
843,-83.331995,42.362596
844,-78.826847,37.353215
845,-86.884185,36.866286
846,-77.216355,38.698239
847,-106.654919,35.158683
848,-91.062659,39.441188
849,-84.2599240,39.2663880
850,-87.6642330,41.9438160
851,-85.372381,42.930630
852,-117.528643,45.570355
853,-75.491021,43.793854
854,-93.660454,41.599698
855,-86.447744,43.955713
856,-77.833365,39.110875
857,-77.395364,39.031603
858,-77.565734,39.107555
859,-77.489597,39.006277
860,-79.140379,37.411517
861,-122.452228,48.944087
862,-84.575384,33.826085
863,-94.013604,41.335222
864,-96.1754168,45.0087575
865,-74.414532,40.759057
866,-121.127162,44.638418
867,-122.295751,47.612616
868,-89.502026,43.066326
869,-86.113700,30.720266
870,-89.389549,36.030081
871,-80.245,40.169
872,-120.796965,38.730544
873,-95.4504829,37.6817937
874,-75.257553,41.575170
875,-86.392158,35.845982
876,-81.732318,41.028681
877,-87.954744,42.287242
878,-157.836497,21.303939
879,-72.518324,41.781503
880,-111.333325,45.856793
881,-86.323001,44.249273
882,-86.243595,45.959984
883,-157.807997,21.314189
884,-97.134052,32.564588
885,-120.155979,47.884784
886,-94.539507,42.527104
887,-123.894248,45.719007
888,-122.023367,47.367729
889,-84.549494,33.953194
890,-87.628231,45.098174
891,-91.580645,42.044309
892,-83.122972,40.593304
893,-97.361665,41.440025
894,-87.856517,41.631943
895,-78.9390094,33.6699343
896,-88.045015,30.690350
897,-88.5575090,44.0053166
898,-88.160082,30.691614
899,-80.189855,25.787138
900,-87.344853,41.595883
901,-87.568349,37.972884
902,-88.064640,44.522210
903,-82.875408,39.974230
904,-99.63987,41.40541
905,-83.910506,35.965659
906,-92.066002,31.127420
907,-83.080532,43.327346
908,-88.378744,36.842165
909,-70.717317,42.098148
910,-77.055113,35.855219
911,-89.9500804,38.7331622
912,-83.969504,35.756987
913,-83.808420,38.615073
914,-84.442600,42.580168
915,-86.35873,41.65516
916,-82.3063956,34.7796468
917,-90.082332,43.801304
918,-84.474473,36.694321
919,-77.082026,38.818343
920,-124.100568,40.944643
921,-77.192913,38.943545
922,-86.166136,37.988637
923,-71.115435,42.418530
924,-75.385551,39.917838
925,-102.176734,43.424109
926,-81.869513,41.134636
927,-82.034026,39.026596
928,-90.060080,35.132038
929,-83.627830,37.951788
930,-122.184100,37.450822
931,-87.603938,45.105926
932,-87.604562,45.107233
933,-75.0490757,39.9524734
934,-116.392301,43.609999
935,-74.363008,40.541112
936,-86.069521,40.755229
937,-89.516816,34.373647
938,-73.169908,44.026734
939,-85.543717,38.242222
940,-77.545310,39.441867
941,-84.236727,43.609016
942,-90.307251,38.656378
943,-105.840096,46.408215
944,-73.062096,41.226598
945,-158.018299,21.440682
946,-77.150329,39.126727
947,-77.150144,39.126885
948,-77.199488,39.104422
949,-93.256278,44.978211
950,-81.936127,32.802685
951,-75.310511,38.769132
952,-87.944924,43.025865
953,-95.489641,32.662165
954,-85.393346,40.198978
955,-106.4315,39.58839
956,-122.419881,37.755373
957,-94.6512054,39.0219446
958,-98.525142,29.472403
959,-113.992113,46.874740
960,-118.243583,33.923533
961,-95.696240,39.049968
962,-83.39378,41.91965
963,-89.639224,42.601889
964,-122.584311,45.519002
965,-122.209928,37.826522
966,-86.862926,33.099480
967,-83.941302,38.054333
968,-83.683495,33.304642
969,-76.847748,42.346431
970,-107.874269,38.479423
971,-94.805322,39.017779
972,-122.651387,45.473940
973,-81.853276,39.648855
974,-86.428695,39.423392
975,-86.3796098,39.6128060
976,-86.420904,39.422141
977,-81.6884880,35.7466269
978,-84.356113,33.793194
979,-74.448694,40.796595
980,-120.849956,35.365976
981,-117.0014061,46.7317086
982,-89.708626,44.797421
983,-89.978008,42.101295
984,-71.2568820,41.6694780
985,-79.873400,32.790718
986,-77.038675,38.931518
987,-79.409554,39.408747
988,-75.196253,40.046156
989,-84.776052,43.604433
990,-84.780178,43.607074
991,-85.695776,37.9700281
992,-83.646551,32.833797
993,-149.7311890,61.2089910
994,-85.4106750,40.1883942
995,-86.653401,46.412557
996,-79.696788,40.430121
997,-149.113628,61.599930
998,-77.565240,39.505519
999,-122.285131,38.301189
1000,-75.05512,41.596136
1001,-77.802729,35.955256
1002,-71.341206,42.290237
1003,-87.867562,41.488007
1004,-105.508922,39.962418
1005,-71.236446,42.280988
1006,-94.370028,36.870009
1007,-74.707004,40.897787
1008,-71.461775,41.811800
1009,-82.737607,42.68546
1010,-70.923644,41.675431
1011,-70.928587,41.644314
1012,-70.937913,41.661303
1013,-98.115109,29.699301
1014,-86.347156,43.559633
1015,-89.632242,42.809612
1016,-98.357951,40.922193
1017,-87.936384,38.128990
1018,-83.883624,36.039471
1019,-72.924912,41.307645
1020,-77.410676,37.699238
1021,-89.975013,30.030672
1022,-74.011014,41.499810
1023,-104.184983,43.849469
1024,-70.9380776,43.0788567
1025,-117.928792,33.607886
1026,-84.56655,37.893076
1027,-97.212686,41.948007
1028,-73.1978730,41.9907390
1029,-123.178829,44.636640
1030,-122.269078,37.880337
1031,-92.982014,45.510887
1032,-81.409572,40.892548
1033,-81.417769,40.875871
1034,-73.988272,43.702638
1035,-82.5247140,40.7703620
1036,-82.523336,40.766123
1037,-93.199249,43.152590
1038,-83.0043304,39.9718961
1039,-78.683173,33.827655
1040,-101.295598,48.233564
1041,-77.662435,39.938459
1042,-76.775630,38.473539
1043,-75.489035,40.684278
1044,-87.8286573,42.1314024
1045,-93.262339,44.995288
1046,-117.905228,48.543279
1047,-85.614175,45.129668
1048,-118.5562362,34.2385732
1049,-84.539984,39.163947
1050,-89.362808,43.128145
1051,-83.483407,42.426370
1052,-75.523641,42.531632
1053,-83.910507,35.965650
1054,-77.264712,38.915538
1055,-74.154584,40.824341
1056,-87.917781,42.899242
1057,-81.600093,41.244993
1058,-77.302226,38.889444
1059,-71.1691939,42.3506821
1060,-76.9185759,38.8708398
1061,-84.304799,33.760143
1062,-82.320981,29.19393
1063,-117.250160,32.746190
1064,-74.572082,39.282143
1065,-75.1600720,38.3992566
1066,-80.742120,40.014375
1067,-80.865892,40.069884
1068,-122.687706,45.499865
1069,-89.650662,39.800581
1070,-118.191900,34.110124
1071,-118.191934,34.110171
1072,-122.274596,37.801382
1073,-157.827323,21.292322
1074,-76.663201,34.719572
1075,-82.754075,39.886046
1076,-122.902519,47.050425
1077,-96.0138738,41.2377371
1078,-96.041927,41.264675
1079,-90.218914,38.674084
1080,-88.202341,44.503625
1081,-77.493260,34.782418
1082,-88.335331,42.232554
1083,-73.0210587,41.2735586
1084,-117.855866,33.791554
1085,-81.701664,30.165484
1086,-122.597822,45.333082
1087,-120.484427,37.300930
1088,-122.174543,37.882764
1089,-81.055484,29.284852
1090,-116.255806,46.477929
1091,-88.537573,44.021478
1092,-88.537461,44.022875
1093,-88.540004,44.033250
1094,-88.351584,41.684774
1095,-95.556782,38.777419
1096,-76.822157,42.676729
1097,-86.769484,39.286121
1098,-78.5866163,36.3148277
1099,-84.741544,39.510915
1100,-119.180270,34.197980
1101,-123.9607490,45.2050760
1102,-88.596465,37.090228
1103,-88.637149,37.074367
1104,-115.997901,36.205326
1105,-121.755366,36.910275
1106,-73.917284,41.011605
1107,-65.797119,18.088831
1108,-98.543052,29.321634
1109,-157.797316,21.298910
1110,-87.7831286,41.6604652
1111,-118.373725,33.779336
1112,-94.878291,38.572307
1113,-90.486623,36.055570
1114,-77.023928,38.932172
1115,-77.023960,38.932155
1116,-94.683086,39.187828
1117,-97.524820,35.501891
1118,-77.766771,40.151488
1119,-73.600845,41.564215
1120,-71.387274,41.877734
1121,-71.399990,41.862831
1122,-71.393666,41.768065
1123,-116.935907,44.069117
1124,-111.327601,34.229808
1125,-82.941236,41.512209
1126,-120.338076,37.974304
1127,-95.428973,29.169195
1128,-72.170037,44.327445
1129,-98.084871,30.387133
1130,-84.332926,38.671615
1131,-85.744734,40.005635
1132,-74.796880,40.349400
1133,-92.801421,35.005134
1134,-95.392324,39.081430
1135,-122.637103,38.233365
1136,-122.636797,38.231796
1137,-72.186669,42.488744
1138,-77.0250472,38.9411512
1139,-80.256362,36.1304034
1140,-97.606001,30.442585
1141,-117.524831,34.439822
1142,-73.649443,42.249303
1143,-85.733398,38.251583
1144,-79.992657,36.087691
1145,-77.117929,39.049352
1146,-86.258818,39.849755
1147,-82.544326,37.485971
1148,-92.970689,45.832364
1149,-80.285895,25.669124
1150,-73.895438,40.671863
1151,-94.703397,37.418249
1152,-95.769944,34.926816
1153,-83.700262,42.197733
1154,-120.821856,38.731615
1155,-83.804474,44.380388
1156,-97.787145,42.353346
1157,-85.650721,42.452003
1158,-85.643297,42.444910
1159,-107.962277,39.238943
1160,-90.479570,42.735314
1161,-90.479874,42.736018
1162,-95.894144,41.005653
1163,-118.416626,33.975922
1164,-81.205928,39.390828
1165,-73.793652,41.135051
1166,-86.307641,41.340650
1167,-73.5635307,42.6904758
1168,-158.188437,21.442923
1169,-84.364611,33.772425
1170,-88.629562,40.880177
1171,-73.661339,41.002110
1172,-82.543109,43.424322
1173,-122.760304,48.117020
1174,-122.686792,45.583224
1175,-122.658982,45.557097
1176,-122.5685894,45.4813183
1177,-122.684833,45.512348
1178,-122.682231,45.517125
1179,-70.7535534,43.0711929
1180,-89.2702544,43.1680835
1181,-83.009303,39.9695356
1182,-112.482809,34.557395
1183,-75.220985,40.025446
1184,-110.8088043,39.6010798
1185,-77.287343,37.224538
1186,-85.589960,38.371020
1187,-106.404321,35.416275
1188,-117.174043,46.729751
1189,-77.703843,39.136603
1190,-81.995042,38.440335
1191,-81.995540,38.441892
1192,-122.292435,47.191241
1193,-90.576384,41.512780
1194,-94.787418,36.955063
1195,-122.357601,47.637172
1196,-157.816380,21.268812
1197,-120.950176,39.937091
1198,-91.409173,39.932754
1199,-106.649029,35.075615
1200,-85.451892,33.255362
1201,-90.983393,36.257409
1202,-83.526289,37.009793
1203,-109.247918,45.191300
1204,-95.228044,41.009641
1205,-91.106845,30.442682
1206,-91.185787,30.451950
1207,-91.121067,30.399197
1208,-80.395809,25.506957
1209,-80.395820,25.506957
1210,-117.181441,34.056448
1211,-117.180913,34.057080
1212,-89.993406,43.549612
1213,-79.6640029,36.3586088
1214,-76.829700,39.465227
1215,-87.1501069,40.9356403
1216,-77.342215,38.948449
1217,-111.782405,43.823218
1218,-84.893377,39.829996
1219,-84.900398,39.825813
1220,-89.993242,42.998521
1221,-80.838621,33.528187
1222,-81.1442720,33.3150790
1223,-72.035850,42.765593
1224,-75.170836,39.950039
1225,-75.170843,39.950045
1226,-77.403730,37.233787
1227,-107.608015,45.742235
1228,-76.935311,38.962979
1229,-77.947930,34.234207
1230,-81.6762903,30.3164943
1231,-86.192041,39.806671
1232,-87.8201027,41.8277856
1233,-90.246653,29.973156
1234,-74.042798,40.744736
1235,-75.428080,38.913062
1236,-85.373322,40.961979
1237,-96.300832,43.200223
1238,-89.080980,42.262526
1239,-85.053094,33.997669
1240,-77.1492295,39.0819115
1241,-122.568013,45.551352
1242,-79.888073,36.994866
1243,-112.188004,47.818183
1244,-93.5519650,45.1869330
1245,-93.066381,37.115153
1246,-122.6905,42.1949
1247,-122.854244,42.336896
1248,-122.700426,42.192172
1249,-122.703949,38.349284
1250,-88.016174,42.078232
1251,-114.097574,47.527600
1252,-73.5908479,40.6817846
1253,-80.854493,35.262802
1254,-95.300309,32.347948
1255,-71.130709,42.286072
1256,-80.036108,40.533713
1257,-97.688209,30.557966
1258,-120.466224,34.700679
1259,-158.032652,21.389120
1260,-77.518506,38.016661
1261,-117.104915,34.206855
1262,-91.099240,45.464998
1263,-93.135468,35.280402
1264,-122.998786,38.503197
1265,-86.270804,40.419151
1266,-92.635542,32.529214
1267,-78.886752,37.7874422
1268,-82.994617,39.948137
1269,-83.959772,40.127699
1270,-78.741263,42.164734
1271,-80.058606,37.292997
1272,-70.894541,42.520767
1273,-71.2372585,42.7817730
1274,-121.656030,36.675383
1275,-83.781146,42.165956
1276,-83.785094,42.179728
1277,-70.842243,42.835542
1278,-122.6485540,45.7203870
1279,-85.152678,41.175641
1280,-157.904131,21.346157
1281,-98.591790,29.418102
1282,-122.4085979,37.7373447
1283,-70.774653,43.438711
1284,-71.428530,41.811066
1285,-121.967934,37.364613
1286,-122.751970,38.495737
1287,-122.689399,38.434379
1288,-122.7135900,38.4406777
1289,-87.1835590,30.6039770
1290,-85.621764,44.765173
1291,-92.004296,34.231049
1292,-74.131251,44.324630
1293,-122.875318,38.992994
1294,-73.946818,42.080345
1295,-70.769256,42.198470
1296,-71.579083,41.848902
1297,-74.397557,40.650167
1298,-72.081503,41.698757
1299,-84.559554,38.211492
1300,-77.753379,43.022276
1301,-82.847372,39.924927
1302,-71.0003126,43.0168516
1303,-70.8601023,43.2155618
1304,-96.159309,29.780290
1305,-92.632893,35.911945
1306,-123.919864,45.993667
1307,-75.645391,35.854615
1308,-93.255481,38.698011
1309,-80.244023,36.095980
1310,-76.800314,42.909109
1311,-94.342133,34.042245
1312,-97.098509,40.907721
1313,-78.386035,33.975058
1314,-88.612868,44.777707
1315,-95.338882,41.645926
1316,-85.780478,39.524220
1317,-85.709198,37.988053
1318,-84.235026,39.819046
1319,-122.349452,47.741553
1320,-87.898448,43.091905
1321,-93.744962,32.514186
1322,-94.541074,36.181621
1323,-108.276185,32.774517
1324,-108.242482,32.787733
1325,-118.277386,34.090541
1326,-116.120504,47.536412
1327,-122.668607,47.651931
1328,-118.718091,34.285295
1329,-96.408445,42.490552
1330,-135.326742,57.051519
1331,-107.750939,32.189126
1332,-80.050842,41.062533
1333,-120.667181,35.247189
1334,-85.9461859,36.2233523
1335,-119.084049,34.342681
1336,-117.927099,33.694867
1337,-77.062753,43.237102
1338,-86.438462,36.970919
1339,-117.269204,32.987194
1340,-151.067584,60.493040
1341,-79.072141,40.022787
1342,-71.125686,42.400980
1343,-71.087099,42.385778
1344,-71.091856,42.396251
1345,-71.131331,42.407206
1346,-81.720010,30.403740
1347,-122.271931,37.847765
1348,-81.698398,26.045266
1349,-85.917223,35.193923
1350,-85.6394126,42.9464659
1351,-80.860801,35.209110
1352,-97.745633,30.631014
1353,-78.1301422,36.7244013
1354,-71.496960,41.428192
1355,-119.982044,38.927079
1356,-83.653169,42.461015
1357,-80.291066,25.704072
1358,-87.8626880,42.9107287
1359,-74.248205,40.7881258
1360,-75.6668643,41.4003507
1361,-94.865955,39.718654
1362,-122.671046,45.496936
1363,-72.551790,41.842841
1364,-78.041832,42.211214
1365,-87.888847,42.697348
1366,-105.095730,39.611904
1367,-80.772836,36.742228
1368,-83.130895,42.362216
1369,-104.831846,37.600391
1370,-119.753397,39.544248
1371,-86.247542,39.793698
1372,-77.495899,38.219747
1373,-77.563047,38.290380
1374,-77.559528,38.289909
1375,-94.118450,36.187450
1376,-89.952098,34.316885
1377,-87.468144,41.444077
1378,-122.7544853,45.5901096
1379,-84.608462,43.410742
1380,-116.586445,47.318286
1381,-85.646194,38.251785
1382,-76.225202,38.785161
1383,-93.2429,44.6451
1384,-82.633652,27.769964
1385,-110.942088,32.285766
1386,-72.304724,41.953553
1387,-80.197218,35.366184
1388,-122.791922,44.796453
1389,-72.581067,42.108668
1390,-77.477569,40.050647
1391,-91.358368,37.967138
1392,-91.359291,37.966076
1393,-86.416062,35.852209
1394,-81.452156,41.168794
1395,-72.712004,44.473531
1396,-76.581989,36.737572
1397,-81.542318,41.058965
1398,-80.3730000,33.9324793
1399,-104.981878,40.529078
1400,-106.557437,31.791358
1401,-122.026323,37.385784
1402,-111.1103,33.285146
1403,-78.9743641,33.6069616
1404,-82.024341,26.608161
1405,-120.171665,41.527832
1406,-88.557375,44.311141
1407,-97.747306,30.267660
1408,-97.807494,30.230977
1409,-85.647075,44.980186
1410,-84.063354,34.056170
1411,-75.348771,39.901671
1412,-82.560612,27.999259
1413,-120.141130,39.169938
1414,-119.755381,39.416292
1415,-105.574539,36.407207
1416,-85.344893,38.03192
1417,-82.4000115,34.8485031
1418,-72.023787,42.815213
1419,-107.8130860,37.9368430
1420,-122.259736,37.839774
1421,-82.3941250,28.0509640
1422,-122.860375,46.853829
1423,-85.8654557,42.8677383
1424,-87.376070,39.464145
1425,-97.806683,30.469036
1426,-97.703135,30.300107
1427,-85.687996,42.201444
1428,-83.185690,35.301188
1429,-78.445556,38.126837
1430,-80.361114,33.919521
1431,-70.391653,43.514488
1432,-75.219388,38.325383
1433,-118.142518,34.697730
1434,-76.913335,38.887555
1435,-87.361048,36.528219
1436,-79.828293,36.069019
1437,-74.059815,41.442234
1438,-106.926949,37.852344
1439,-85.508543,38.286927
1440,-84.563916,39.334042
1441,-107.569106,32.920178
1442,-71.312805,42.641166
1443,-76.947513,38.985968
1444,-72.101949,41.4878526
1445,-74.813622,40.914599
1446,-75.163171,39.929934
1447,-84.426967,33.773326
1448,-84.46008,33.638149
1449,-84.390574,33.755202
1450,-84.476405,33.764764
1451,-84.416667,33.728652
1452,-95.188057,29.957574
1453,-79.939064,37.271606
1454,-82.842837,27.847880
1455,-80.465764,39.037553
1456,-89.385624,40.154175
1457,-74.770016,40.784492
1458,-79.048809,37.583162
1459,-88.960382,43.845375
1460,-86.171313,39.767371
1461,-132.955913,56.811930
1462,-86.666868,33.406440
1463,-76.730703,39.793503
1464,-73.207774,41.332210
1465,-72.3033449,42.5907340
1466,-104.992071,39.961115
1467,-122.426975,45.499582
1468,-86.491053,39.164192
1469,-122.630899,38.252337
1470,-122.482053,38.314330
1471,-94.614044,43.9784291
1472,-90.313530,42.404443
1473,-74.234683,40.882225
1474,-119.827646,39.514749
1475,-72.821619,43.228259
1476,-77.860425,34.208950
1477,-121.7737712,38.6792311
1478,-121.793045,38.663686
1479,-96.184263,48.118841
1480,-122.534505,38.001229
1481,-122.772142,45.429956
1482,-79.701982,41.636919
1483,-71.158928,41.629479
1484,-94.232501,36.175764
1485,-104.184071,42.064541
1486,-88.008791,43.048733
1487,-80.736200,36.766222
1488,-85.573055,33.123400
1489,-72.711717,43.084256
1490,-82.442632,34.955543
1491,-78.704999,41.201813
1492,-81.690301,41.479328
1493,-115.587957,47.832429
1494,-73.691288,42.732715
1495,-86.575130,34.859086
1496,-86.537883,39.167687
1497,-122.913879,39.043583
1498,-88.704327,34.253733
1499,-87.562834,33.216479
1500,-112.33373,45.542747
1501,-89.697172,41.787255
1502,-87.569392,44.150114
1503,-81.614994,34.716023
1504,-83.950669,34.886298
1505,-83.822800,36.237614
1506,-69.274562,44.211498
1507,-71.094533,42.379761
1508,-82.395520,29.625490
1509,-75.194883,39.953276
1510,-83.066903,40.013849
1511,-87.657972,41.965832
1512,-77.373338,35.611005
1513,-82.1638058,34.1903885
1514,-82.932051,40.127570
1515,-95.431103,29.741093
1516,-91.873662,42.223981
1517,-77.354470,39.331636
1518,-77.028494,38.887743
1519,-75.225983,43.096382
1520,-78.4244013,36.3378971
1521,-81.771054,26.246337
1522,-122.460758,47.447921
1523,-96.934150,42.779219
1524,-96.9346099,42.7851033
1525,-72.980071,43.605826
1526,-72.985592,43.607916
1527,-94.340102,37.843772
1528,-87.962265,42.241619
1529,-79.010219,38.193744
1530,-85.528345,42.126553
1531,-97.000968,28.821562
1532,-81.654595,41.455724
1533,-85.670007,41.843957
1534,-87.998186,41.675519
1535,-87.756755,42.026029
1536,-87.531359,38.680610
1537,-89.908925,38.591615
1538,-119.7910413,36.8097606
1539,-84.354177,33.782208
1540,-80.212735,25.747026
1541,-71.865502,41.573913
1542,-73.930027,42.649656
1543,-92.032633,44.384124
1544,-97.132941,31.556820
1545,-95.379596,35.963528
1546,-158.022580,21.500382
1547,-96.617391,41.212079
1548,-157.952992,21.402403
1549,-157.971725,21.453708
1550,-157.694600,21.331444
1551,-157.999449,21.387839
1552,-122.333359,47.663924
1553,-122.040479,37.902666
1554,-92.425855,41.017422
1555,-96.403458,30.2145775
1556,-122.581273,47.330952
1557,-76.865814,42.903737
1558,-73.106489,41.622580
1559,-103.271392,47.797315
1560,-91.472878,43.260191
1561,-82.3818511,31.2357520
1562,-85.642864,42.672620
1563,-71.369892,42.363071
1564,-111.420890,38.299219
1565,-75.251698,41.566626
1566,-83.064645,42.356528
1567,-78.885734,38.068559
1568,-80.186112,39.896462
1569,-71.377570,41.818333
1570,-94.462592,37.140206
1571,-80.415459,38.478420
1572,-77.452948,43.212229
1573,-79.159344,40.610507
1574,-116.971130,44.244083
1575,-95.848181,41.583893
1576,-70.027995,41.939238
1577,-118.334753,34.039790
1578,-91.979567,31.035239
1579,-79.958472,37.27783
1580,-72.949946,41.271879
1581,-118.450674,34.045724
1582,-86.915836,40.461469
1583,-74.238131,40.780392
1584,-91.835774,36.723987
1585,-96.705918,41.837741
1586,-73.96631,41.36957
1587,-87.684396,41.902872
1588,-71.516856,41.713691
1589,-112.2655960,33.6581970
1590,-95.560152,29.736539
1591,-105.466411,38.136152
1592,-71.831720,41.375089
1593,-80.760056,37.972743
1594,-82.913324,40.123435
1595,-72.751662,42.119742
1596,-83.078781,39.954491
1597,-83.380778,42.319173
1598,-71.906161,42.541635
1599,-85.571695,38.288727
1600,-89.470061,43.076159
1601,-89.470022,43.076385
1602,-84.559858,42.734770
1603,-122.057,36.9598
1604,-118.446530,34.061784
1605,-70.941897,42.181987
1606,-86.653004,36.467683
1607,-109.970749,34.146798
1608,-93.741728,36.404902
1609,-90.008281,35.055288
1610,-84.096509,36.947000
1611,-84.159267,36.741975
1612,-93.280032,44.955321
1613,-97.114886,40.64738
1614,-101.996150,33.578343
1615,-81.145200,36.159075
1616,-79.890864,40.445948
1617,-76.705462,37.270966
1618,-82.277984,37.674029
1619,-71.137946,42.452024
1620,-84.977051,40.1721
1621,-86.5264710,34.8010920
1622,-111.908597,34.739119
1623,-95.289646,32.957692
1624,-84.251024,36.017239
1625,-88.011250,44.517943
1626,-106.329524,42.850412
1627,-81.3258422,35.7353920
1628,-89.82674,44.392924
1629,-82.5782570,36.9768742
1630,-82.598648,35.555133
1631,-83.542778,37.727015
1632,-71.202747,43.580593
1633,-102.0163305,33.5197029
1634,-84.682308,38.149925
1635,-84.733856,38.050275
1636,-74.117834,42.040522
1637,-84.520920,34.100488
1638,-88.435654,42.310266
1639,-99.3957807,36.4314963
1640,-86.559788,39.138753
1641,-71.504321,42.007654
1642,-75.106815,40.3368710
1643,-81.0833677,36.9486397
1644,-74.841627,40.243417
1645,-74.839997,40.240829
1646,-77.053889,42.661345
1647,-80.169243,26.030260
1648,-85.495124,40.177147
1649,-95.7750405,29.7413678
1650,-95.2539369,29.9415214
1651,-95.1773832,29.9341141
1652,-95.26831,29.988144
1653,-95.6872981,29.9223808
1654,-83.614751,42.240285
1655,-122.6401341,41.7070195
1656,-117.044913,34.032512
1657,-78.314111,35.821835
1658,-80.130181,40.792698
