0,2020-06-10,2020-10-07,Wed,9:00 AM,1:00 PM
1,2021-06-05,2021-06-05,Sat,8:00 AM,11:00 AM
2,2021-06-05,2021-06-05,Sat,8:30 AM,2:00 PM
3,2020-01-01,2020-01-01,Sat,8:00 AM,1:00 PM
4,2018-01-01,2018-05-31,Thu,11:00 AM,3:00 PM
5,2018-01-01,2018-05-31,Fri,11:00 AM,3:00 PM
6,2018-01-01,2018-05-31,Sat,8:00 AM,3:00 PM
7,2018-06-01,2018-12-31,Thu,11:00 AM,3:00 PM
8,2018-06-01,2018-12-31,Fri,11:00 AM,3:00 PM
9,2018-06-01,2018-12-31,Sat,8:00 AM,3:00 PM
10,2018-06-01,2018-12-31,Sun,11:00 AM,3:00 PM
11,2018-05-12,2018-10-13,Sat,8:00 AM,2:00 PM
12,2018-11-09,2018-11-10,Fri,4:00 PM,10:00 PM
13,2018-11-09,2018-11-10,Sat,10:00 AM,3:00 PM
14,2021-01-01,2021-01-01,Wed,3:00 PM,8:00 PM
15,2021-01-01,2021-01-01,Sun,9:00 AM,8:00 PM
16,2018-05-12,2018-12-15,Sat,9:00 AM,2:00 PM
17,2018-01-01,2018-12-31,Wed,12:00 PM,6:00 PM
18,2018-01-01,2018-12-31,Sat,11:00 AM,3:00 PM
19,2019-05-26,2019-09-15,Sun,10:00 AM,3:00 PM
20,2021-04-03,2021-04-03,Tue,3:00 PM,6:00 PM
21,2021-04-03,2021-04-03,Sat,8:00 AM,1:00 PM
22,2021-10-02,2021-10-02,Sat,10:00 AM,12:00 PM
23,2021-05-08,2021-05-08,Sat,9:00 AM,1:00 PM
24,2019-05-18,2019-10-26,Sat,8:00 AM,1:00 PM
25,2019-05-18,2019-10-26,Thu,11:30 AM,3:30 PM
26,2020-05-21,2020-10-22,Thu,3:00 PM,7:00 PM
27,2021-01-01,2021-01-01,Mon,8:00 AM,4:00 PM
28,2021-01-01,2021-01-01,Tue,8:00 AM,4:00 PM
29,2021-01-01,2021-01-01,Wed,8:00 AM,4:00 PM
30,2021-01-01,2021-01-01,Thu,8:00 AM,4:00 PM
31,2021-01-01,2021-01-01,Fri,8:00 AM,4:00 PM
32,2021-01-01,2021-01-01,Sun,10:00 AM,4:00 PM
33,2018-08-02,2018-08-02,Thu,9:00 AM,5:00 PM
34,2018-05-01,2018-10-31,Mon,7:30 AM,5:30 PM
35,2018-05-01,2018-10-31,Tue,7:30 AM,5:30 PM
36,2018-05-01,2018-10-31,Wed,7:30 AM,5:30 PM
37,2018-05-01,2018-10-31,Thu,7:30 AM,5:30 PM
38,2018-05-01,2018-10-31,Fri,7:30 AM,5:30 PM
39,2018-05-01,2018-10-31,Sat,7:00 AM,5:30 PM
40,2019-01-01,2019-12-31,Mon,10:00 AM,11:00 AM
41,2020-01-01,2020-12-31,Sat,8:00 AM,3:00 PM
42,2020-01-01,2020-12-31,Sun,8:00 AM,3:00 PM
43,2018-01-01,2018-12-31,Sun,8:30 AM,12:00 PM
44,2018-01-01,2018-12-31,Sun,9:00 AM,1:00 PM
45,2020-07-11,2020-10-10,Sat,8:00 AM,1:30 PM
46,2022-04-16,2022-04-16,Sat,9:00 AM,1:00 PM
47,2022-12-10,2022-12-10,Sat,10:00 AM,2:00 PM
48,2019-05-05,2019-10-13,Sun,2:00 PM,5:00 PM
49,2021-05-01,2021-05-01,Thu,4:30 PM,6:30 PM
50,2014-05-23,2014-05-23,Fri,9:00 AM,3:00 PM
51,2020-12-01,2020-12-01,Tue,9:00 AM,12:00 PM
52,2020-12-01,2020-12-01,Thu,3:00 PM,6:00 PM
53,2020-12-01,2020-12-01,Sat,9:00 AM,12:00 PM
54,2020-05-01,2020-10-01,Sat,9:00 AM,12:00 PM
55,2021-01-01,2021-01-01,Tue,3:00 PM,6:00 PM
56,2021-07-11,2021-07-11,Sun,9:00 AM,12:00 PM
57,2021-04-01,2021-04-01,Thu,5:30 PM,7:00 PM
58,2019-05-02,2019-09-26,Thu,3:00 PM,7:00 PM
59,2020-07-04,2020-10-10,Sun,9:00 AM,12:00 PM
60,2021-05-08,2021-05-08,Sat,9:00 AM,12:00 PM
61,2021-05-01,2021-05-01,Sat,8:00 AM,12:30 PM
62,2018-05-04,2018-09-28,Fri,3:30 PM,7:00 PM
63,2019-05-05,2019-10-27,Sun,11:00 AM,2:00 PM
64,2016-07-19,2020-09-08,Tue,4:00 PM,7:00 PM
65,2020-05-02,2020-10-31,Sat,9:00 AM,2:00 PM
66,2020-11-21,2020-11-22,Sat,10:00 AM,4:00 PM
67,2020-11-21,2020-11-22,Sun,10:00 AM,4:00 PM
68,2020-01-11,2020-04-11,Sat,9:00 AM,2:00 PM
69,2019-05-01,2019-05-25,Sat,10:00 AM,2:00 PM
70,2019-06-01,2019-11-26,Tue,8:00 AM,1:00 PM
71,2019-06-01,2019-11-26,Thu,8:00 AM,1:00 PM
72,2019-06-01,2019-11-26,Sat,8:00 AM,1:00 PM
73,2019-11-30,2019-12-21,Sat,10:00 AM,2:00 PM
74,2020-05-02,2020-10-31,Sat,2:00 PM,5:00 PM
75,2020-06-10,2020-10-21,Wed,3:00 PM,7:00 PM
76,2021-06-19,2021-06-19,Sat,10:00 AM,2:00 PM
77,2019-05-02,,Thu,8:00 AM,12:00 PM
78,2018-05-26,2018-10-06,Sat,8:00 AM,12:00 PM
79,2020-06-01,2020-09-26,Sat,8:00 AM,12:00 PM
80,2021-06-19,2021-06-19,Sat,8:00 AM,12:30 PM
81,2021-11-06,2021-11-06,Sat,9:00 AM,12:30 PM
82,2021-05-19,2021-05-19,Wed,2:00 PM,6:00 PM
83,2022-07-11,2022-07-11,Mon,2:00 PM,6:00 PM
84,2022-05-07,2022-05-07,Sat,9:00 AM,12:00 PM
85,2019-06-21,2019-09-06,Fri,4:00 PM,7:00 PM
86,2020-06-11,2020-10-29,Thu,3:30 PM,7:00 PM
87,2018-05-05,2018-10-20,Sat,8:00 AM,12:00 PM
88,2019-01-01,2019-12-31,Fri,6:00 PM,9:00 PM
89,2020-01-01,2020-12-31,Thu,12:00 PM,5:00 PM
90,2020-01-01,2020-12-31,Fri,12:00 PM,5:00 PM
91,2020-01-01,2020-12-31,Sat,12:00 PM,5:00 PM
92,2021-06-12,2021-06-12,Sat,9:00 AM,1:00 PM
93,2022-05-08,2022-05-08,Sun,10:00 AM,3:00 PM
94,2021-05-01,2021-05-01,Sat,8:00 AM,1:00 PM
95,2021-06-01,2021-06-01,Tue,12:00 PM,5:30 PM
96,2021-06-01,2021-06-01,Sat,7:00 AM,1:00 PM
97,2018-05-19,2018-10-27,Wed,2:30 PM,5:30 PM
98,2018-05-19,2018-10-27,Sat,8:00 AM,12:00 PM
99,2021-01-01,2021-12-31,Wed,9:00 AM,12:00 PM
100,2021-01-01,2021-12-31,Sat,9:00 AM,12:00 PM
101,2020-04-15,2020-11-18,Wed,4:00 PM,7:00 PM
102,2020-03-21,2020-12-19,Sat,8:00 AM,12:00 PM
103,2021-05-07,2021-05-07,Fri,2:00 PM,6:00 PM
104,2019-06-15,2019-10-19,Sat,9:00 AM,1:00 PM
105,2020-06-07,2020-09-20,Sun,10:00 AM,3:00 PM
106,2021-05-29,2021-05-29,Sat,10:00 AM,2:00 PM
107,2018-05-05,2018-10-31,Mon,,12:00 PM
108,2018-05-05,2018-10-31,Wed,8:00 AM,12:00 PM
109,2018-05-05,2018-10-31,Sat,7:00 AM,12:00 PM
110,2018-11-01,2019-05-03,Sat,9:00 AM,12:00 PM
111,2021-01-01,2021-01-01,Sun,12:00 PM,4:00 PM
112,2019-06-04,2019-08-27,Tue,4:00 PM,7:00 PM
113,2018-07-02,2018-08-27,Mon,4:00 PM,7:00 PM
114,2021-05-22,2021-05-22,Sat,9:00 AM,1:00 PM
115,2021-12-04,2021-12-04,Sat,1:00 PM,4:00 PM
116,2021-10-30,2021-10-30,Sat,1:00 PM,4:00 PM
117,2018-05-16,2018-10-10,Wed,4:00 PM,7:00 PM
118,2020-06-05,2020-10-01,Sat,9:00 AM,1:00 PM
119,2021-01-01,2021-01-01,Sun,9:00 AM,2:00 PM
120,2021-03-01,2021-03-01,Sat,10:00 AM,2:00 PM
121,2021-01-01,2021-01-01,Sun,11:00 AM,1:30 PM
122,2021-06-17,2021-06-17,Thu,10:00 AM,3:00 PM
123,2020-05-02,2020-11-21,Sat,8:30 AM,12:30 PM
124,2020-06-21,2020-09-27,Sun,10:00 AM,2:00 PM
125,2020-07-01,2020-09-30,Sat,8:00 AM,11:00 AM
126,2021-01-01,2021-01-01,Sat,10:00 AM,2:00 PM
127,2021-06-05,2021-06-05,Sat,8:00 AM,12:00 PM
128,2021-05-01,2021-05-01,Sat,8:00 AM,12:00 PM
129,2021-06-30,2021-06-30,Wed,3:00 PM,6:00 PM
130,2021-05-05,2021-05-05,Wed,9:00 AM,1:00 PM
131,2021-05-05,2021-05-05,Fri,5:00 PM,8:00 PM
132,2021-01-01,2021-01-01,Sun,11:00 AM,3:00 PM
133,2020-06-01,2020-10-31,Sat,9:00 AM,12:00 PM
134,2020-01-01,2020-12-01,Thu,9:00 AM,4:00 PM
135,2020-01-01,2020-12-01,Fri,9:00 AM,4:00 PM
136,2017-02-18,2017-12-16,Sat,8:00 AM,11:00 AM
137,2020-06-01,2020-09-30,Sat,8:30 AM,12:00 PM
138,2020-05-23,2020-10-31,Sat,8:00 AM,12:00 PM
139,2022-06-07,2022-06-07,Tue,4:00 PM,7:00 PM
140,2021-06-15,2021-06-15,Tue,3:00 PM,6:00 PM
141,2019-06-01,2019-10-26,Sat,9:00 AM,1:00 PM
142,2018-04-14,2018-11-17,Sat,7:00 AM,11:00 AM
143,2018-11-24,2018-12-22,Sat,10:00 AM,12:00 PM
144,2021-05-29,2021-05-29,Sat,8:00 AM,11:00 AM
145,2021-06-07,2021-06-07,Mon,4:00 PM,7:30 PM
146,2018-06-06,2018-08-29,Wed,3:00 PM,7:00 PM
147,2021-06-01,2021-06-01,Thu,11:00 AM,4:00 PM
148,2019-06-06,2019-09-26,Thu,4:00 PM,7:00 PM
149,2021-05-29,2021-05-29,Sat,9:00 AM,1:00 PM
150,2021-04-29,2021-04-29,Thu,4:00 PM,8:00 PM
151,2018-05-02,2018-09-26,Wed,4:00 PM,7:00 PM
152,2021-04-10,2021-04-10,Sat,7:30 AM,1:00 PM
153,2018-04-01,2018-12-09,Sun,10:00 AM,2:00 PM
154,2018-05-26,2018-10-31,Sat,8:00 AM,12:00 PM
155,2021-11-21,2021-11-21,Sun,10:00 AM,1:30 PM
156,2021-12-12,2021-12-12,Sun,10:00 AM,1:30 PM
157,2022-01-09,2022-01-09,Sun,10:00 AM,1:30 PM
158,2018-06-07,2018-09-27,Thu,4:00 PM,6:30 PM
159,2018-06-04,2018-09-24,Mon,11:00 AM,2:00 PM
160,2020-05-10,2020-10-11,Sun,9:00 AM,1:00 PM
161,2021-06-13,2021-06-13,Sun,8:00 AM,12:00 PM
162,2020-04-01,2020-12-31,Sun,9:00 AM,1:30 PM
163,2020-01-05,2020-03-29,Sun,9:30 AM,1:30 PM
164,2021-04-01,2021-04-01,Thu,10:00 AM,2:00 PM
165,2020-01-01,2020-12-31,Sun,9:00 AM,1:00 PM
166,2020-05-21,2020-10-29,Thu,4:00 PM,7:00 PM
167,2018-04-01,2018-09-25,Tue,8:30 AM,1:00 PM
168,2019-06-05,2019-09-25,Wed,3:00 PM,7:00 PM
169,2018-11-09,2019-04-12,Fri,3:00 PM,6:00 PM
170,2019-06-24,2019-10-07,Mon,3:00 PM,7:00 PM
171,2018-06-02,2018-10-20,Sat,10:00 AM,1:00 PM
172,2018-06-02,2018-10-27,Sat,10:00 AM,1:00 PM
173,2021-12-04,2021-12-04,Sat,11:00 AM,2:00 PM
174,2019-04-06,2019-09-28,Sat,8:00 AM,1:00 PM
175,2019-10-05,2019-11-30,Sat,9:00 AM,1:00 PM
176,2017-12-02,2017-12-02,Sat,9:00 AM,12:30 PM
177,2020-05-01,2020-10-17,Tue,2:00 PM,5:00 PM
178,2020-05-01,2020-10-17,Sat,9:00 AM,2:00 PM
179,2019-05-04,2019-09-14,Wed,3:00 PM,6:00 PM
180,2019-05-04,2019-09-14,Sat,9:00 AM,1:00 PM
181,2020-05-23,2020-11-28,Sat,9:00 AM,1:00 PM
182,2018-04-07,2018-10-27,Sat,9:00 AM,1:00 PM
183,2018-11-03,2018-12-22,Sat,9:00 AM,2:00 PM
184,2020-05-09,2020-10-31,Mon,9:00 AM,5:00 PM
185,2020-05-09,2020-10-31,Tue,9:00 AM,5:00 PM
186,2020-05-09,2020-10-31,Wed,9:00 AM,5:00 PM
187,2020-05-09,2020-10-31,Thu,9:00 AM,5:00 PM
188,2020-05-09,2020-10-31,Fri,9:00 AM,5:00 PM
189,2020-05-09,2020-10-31,Sat,9:00 AM,5:00 PM
190,2020-05-09,2020-10-31,Sun,9:00 AM,5:00 PM
191,2019-06-06,2019-10-24,Thu,3:00 PM,6:00 PM
192,2019-04-06,2019-10-26,Sat,8:00 AM,12:00 PM
193,2019-05-01,2019-10-26,Sat,8:30 AM,12:30 PM
194,2021-07-08,2021-07-08,Thu,9:00 AM,2:00 PM
195,2022-07-07,2022-07-07,Thu,9:00 AM,2:00 PM
196,2023-07-06,2023-07-06,Thu,9:00 AM,2:00 PM
197,2018-05-20,2018-10-28,Sun,8:00 AM,12:00 PM
198,2020-06-04,2020-10-29,Thu,2:00 PM,6:00 PM
199,2020-06-06,2020-10-31,Sat,7:00 AM,2:00 PM
200,2018-01-01,,Wed,8:00 AM,12:00 PM
201,2018-01-01,,Sat,8:00 AM,12:00 PM
202,2020-01-01,2020-12-31,Wed,3:00 PM,7:00 PM
203,2020-01-01,2020-12-31,Sat,9:00 AM,1:00 PM
204,2017-11-01,2019-11-23,Sat,9:00 AM,1:00 PM
205,2019-02-02,2019-05-04,Sat,9:00 AM,1:00 PM
206,2019-05-04,2019-10-26,Sat,9:00 AM,2:00 PM
207,2018-11-03,2019-03-30,Sat,10:00 AM,2:00 PM
208,2020-05-20,2020-10-31,Wed,8:00 AM,2:00 PM
209,2020-05-20,2020-10-31,Sat,8:00 AM,2:00 PM
210,2021-05-06,2021-05-06,Thu,4:00 PM,7:00 PM
211,2018-06-10,2018-10-21,Sun,11:00 AM,3:00 PM
212,2019-06-22,,Sat,4:00 PM,8:00 PM
213,2014-04-19,2018-10-27,Sat,9:00 AM,2:00 PM
214,2020-06-20,2020-10-31,Sat,8:00 AM,12:00 PM
215,2018-05-05,2018-09-01,Sat,8:00 AM,1:00 PM
216,2020-07-10,,Fri,10:00 AM,2:00 PM
217,2020-07-02,2020-08-27,Thu,3:00 PM,6:00 PM
218,2019-01-01,2019-12-31,Wed,10:00 AM,3:00 PM
219,2019-01-01,2019-12-31,Sat,10:00 AM,3:00 PM
220,2020-06-04,2020-11-19,Thu,1:30 PM,6:30 PM
221,2022-01-01,2022-01-01,Sat,8:00 AM,1:00 PM
222,2020-01-01,2020-12-31,Sun,10:00 AM,3:00 PM
223,2021-06-04,2021-06-04,Fri,3:30 PM,6:30 PM
224,2021-01-01,2021-12-31,Sat,9:00 AM,1:00 PM
225,2020-09-01,2020-10-28,Wed,10:30 AM,1:30 PM
226,2020-06-04,2020-09-03,Thu,4:00 PM,7:00 PM
227,2018-06-01,2018-10-26,Fri,1:00 PM,5:00 PM
228,2018-05-05,2018-11-03,Sat,8:30 AM,12:30 PM
229,2021-01-01,2021-01-01,Sat,9:00 AM,1:00 PM
230,2018-05-05,2018-11-17,Sat,9:00 AM,1:00 PM
231,2019-05-16,2019-10-24,Thu,2:00 PM,5:00 PM
232,2016-01-01,2016-12-31,Sat,8:00 AM,12:30 PM
233,2019-04-13,2019-12-21,Sat,8:00 AM,12:00 PM
234,2021-07-08,2021-07-08,Thu,5:30 PM,7:00 PM
235,2020-06-06,2020-10-17,Sat,9:00 AM,1:00 PM
236,2022-06-04,2022-06-04,Sat,9:30 AM,12:30 PM
237,2018-05-26,2018-12-15,Tue,7:00 AM,12:00 PM
238,2018-05-26,2018-12-15,Thu,7:00 AM,12:00 PM
239,2018-05-26,2018-12-15,Sat,7:00 AM,12:00 PM
240,2020-05-23,2020-10-03,Sat,8:00 AM,1:00 PM
241,2021-08-01,2021-08-01,Sun,9:00 AM,1:00 PM
242,2021-07-12,2021-07-12,Sat,11:00 AM,3:00 PM
243,2021-07-12,2021-07-12,Sun,1:00 PM,5:00 PM
244,2022-07-03,2022-07-03,Sat,10:00 AM,3:00 PM
245,2022-07-03,2022-07-03,Sun,1:00 PM,5:00 PM
246,2020-04-01,,Wed,7:00 AM,12:00 PM
247,2020-04-01,,Sat,7:00 AM,12:00 PM
248,2018-01-01,2018-12-31,Fri,9:00 AM,2:00 PM
249,2020-06-18,2020-10-29,Thu,4:00 PM,6:00 PM
250,2020-06-18,2020-10-29,Sun,9:00 AM,1:00 PM
251,2020-11-07,2020-12-19,Sat,12:00 PM,1:00 PM
252,2020-06-04,2020-10-22,Thu,2:00 PM,6:00 PM
253,2020-01-05,2020-12-27,Sun,9:00 AM,1:00 PM
254,2018-04-21,,Sat,9:00 AM,1:00 PM
255,2020-01-01,2020-12-31,Sat,8:00 AM,12:00 PM
256,2020-01-01,2020-12-31,Fri,2:30 PM,5:30 PM
257,2020-05-06,2020-09-30,Wed,4:00 PM,8:00 PM
258,2021-01-01,2021-01-01,Sat,8:00 AM,12:00 PM
259,2021-05-11,2021-05-11,Wed,8:00 AM,12:00 PM
260,2020-05-22,2020-10-30,Fri,3:00 PM,6:00 PM
261,2020-05-19,2020-10-27,Tue,3:00 PM,6:00 PM
262,2020-05-23,2020-10-31,Sat,9:00 AM,12:00 PM
263,2018-01-01,2018-12-31,Sat,9:00 AM,12:00 PM
264,2020-05-01,2020-10-30,Fri,4:00 PM,7:00 PM
265,2020-06-02,2020-09-29,Tue,4:00 PM,7:00 PM
266,2020-01-01,2020-12-31,Sat,9:00 AM,2:00 PM
267,2016-01-01,2016-12-31,Sat,9:00 AM,1:30 PM
268,2020-05-10,2020-10-04,Sun,9:00 AM,1:00 PM
269,2021-06-12,2021-06-12,Sat,10:00 AM,1:00 PM
270,2021-01-01,2021-01-01,Sat,8:00 AM,1:00 PM
271,2022-05-07,2022-05-07,Sun,8:00 AM,12:00 PM
272,2016-06-15,2016-09-14,Wed,3:00 PM,6:00 PM
273,2017-05-19,2017-11-10,Fri,11:00 AM,3:00 PM
274,2018-05-01,2018-09-25,Tue,9:00 AM,1:00 PM
275,2019-05-07,2019-10-15,Tue,3:00 PM,7:00 PM
276,2019-01-01,2019-12-31,Mon,9:00 AM,6:00 PM
277,2019-01-01,2019-12-31,Tue,9:00 AM,6:00 PM
278,2019-01-01,2019-12-31,Wed,9:00 AM,6:00 PM
279,2019-01-01,2019-12-31,Thu,9:00 AM,6:00 PM
280,2019-01-01,2019-12-31,Fri,9:00 AM,6:00 PM
281,2019-01-01,2019-12-31,Sat,9:00 AM,4:00 PM
282,2019-01-01,2019-12-31,Sun,1:30 PM,4:30 PM
283,2021-01-01,2021-01-01,Sat,9:00 AM,12:00 PM
284,2021-03-17,2021-03-17,Wed,3:00 PM,6:00 PM
285,2021-03-17,2021-03-17,Sat,7:00 AM,12:00 PM
286,2021-11-06,2021-11-06,Sat,9:00 AM,12:00 PM
287,2020-05-01,2020-09-30,Fri,8:00 AM,12:00 PM
288,2021-06-05,2021-06-05,Sat,8:30 AM,1:00 PM
289,2020-07-04,2020-10-03,Sat,9:00 AM,12:00 PM
290,2020-07-11,2020-10-10,Mon,3:00 PM,5:00 PM
291,2020-07-11,2020-10-10,Wed,8:00 AM,11:00 AM
292,2020-07-11,2020-10-10,Sat,8:00 AM,11:00 AM
293,2021-06-13,2021-06-13,Sun,12:00 PM,4:00 PM
294,2022-05-14,2022-05-14,Sat,8:30 AM,12:30 PM
295,2021-06-03,2021-06-03,Thu,10:00 AM,1:00 PM
296,2018-05-10,2018-10-18,Thu,3:30 PM,7:00 PM
297,2018-11-17,2018-11-17,Sat,9:00 AM,3:00 PM
298,2022-05-14,2022-05-14,Sat,8:00 AM,12:00 PM
299,2018-05-05,2018-10-13,Sat,9:00 AM,2:00 PM
300,2021-05-01,2021-05-01,Sat,9:00 AM,12:00 PM
301,2020-03-06,2020-11-06,Fri,6:00 PM,9:00 PM
302,2020-01-01,2020-12-31,Thu,10:00 AM,3:00 PM
303,2020-07-07,2020-10-27,Wed,3:00 PM,6:30 PM
304,2019-07-23,2019-10-08,Tue,3:00 PM,7:00 PM
305,2020-06-06,2020-09-19,Sat,8:00 AM,12:30 PM
306,2020-01-01,2020-12-31,Sun,9:00 AM,2:00 PM
307,2020-01-01,2020-12-31,Sat,10:00 AM,3:00 PM
308,2020-01-01,2020-12-31,Tue,5:00 PM,9:00 PM
309,2021-05-26,2021-05-26,Wed,3:00 PM,6:00 PM
310,2021-05-22,2021-05-22,Sat,10:00 AM,2:00 PM
311,2020-05-02,2020-10-31,Sat,9:00 AM,12:00 PM
312,2018-01-13,2018-11-24,Sat,8:00 AM,12:00 PM
313,2022-06-24,2022-06-24,Fri,9:00 AM,12:30 PM
314,2020-01-01,2020-12-31,Tue,8:00 AM,5:00 PM
315,2020-01-01,2020-12-31,Wed,8:00 AM,5:00 PM
316,2020-01-01,2020-12-31,Thu,8:00 AM,5:00 PM
317,2020-01-01,2020-12-31,Fri,8:00 AM,5:00 PM
318,2020-01-01,2020-12-31,Sat,8:00 AM,5:00 PM
319,2015-05-19,2015-10-20,Tue,3:00 PM,6:00 PM
320,2020-06-01,2020-09-30,Thu,4:00 PM,7:00 PM
321,2021-05-21,2021-05-21,Fri,3:00 PM,6:00 PM
322,2020-05-06,2020-08-26,Wed,11:00 AM,2:00 PM
323,2020-01-01,2020-12-31,Sat,7:30 AM,1:00 PM
324,2020-01-01,2020-12-31,Wed,7:30 AM,1:00 PM
325,2020-06-02,2020-09-29,Tue,7:30 AM,12:00 PM
326,2019-04-17,2019-10-31,Thu,3:00 PM,6:00 PM
327,2018-05-04,2018-09-28,Fri,4:00 PM,6:00 PM
328,2021-06-10,2021-06-10,Thu,12:00 PM,6:00 PM
329,2020-06-09,2020-09-29,Tue,3:00 PM,7:00 PM
330,2018-05-05,2018-10-27,Wed,8:00 AM,12:00 PM
331,2018-05-05,2018-10-27,Sat,8:00 AM,12:00 PM
332,2022-01-01,2022-01-01,Thu,9:00 AM,1:00 PM
333,2021-04-13,2021-04-13,Tue,4:00 PM,7:00 PM
334,2019-01-01,2019-12-31,Mon,11:30 AM,12:30 PM
335,2019-10-05,2019-10-26,Sat,8:00 AM,12:00 PM
336,2020-05-16,2020-08-29,Sat,8:00 AM,11:00 AM
337,2020-06-07,2020-09-27,Sun,9:00 AM,1:00 PM
338,2018-06-09,2018-10-20,Sat,9:00 AM,1:00 PM
339,2018-11-03,2019-05-03,Sat,9:00 AM,1:00 PM
340,2017-06-22,2017-09-14,Wed,3:00 PM,7:00 PM
341,2021-06-23,2021-06-23,Wed,2:30 PM,6:30 PM
342,2021-07-01,2021-07-01,Thu,4:00 PM,7:00 PM
343,2021-05-23,2021-05-23,Thu,5:00 PM,9:00 PM
344,2021-05-23,2021-05-23,Sun,8:00 AM,2:00 PM
345,2021-06-25,2021-06-25,Fri,8:00 AM,12:00 PM
346,2018-05-06,2018-12-16,Sun,10:00 AM,1:00 PM
347,2018-07-05,2018-10-25,Thu,3:00 PM,6:00 PM
348,2018-01-01,2018-04-01,Sat,10:00 AM,1:00 PM
349,2018-04-07,2018-12-15,Sat,9:00 AM,1:00 PM
350,2021-01-01,2021-01-01,Sun,8:00 AM,1:00 PM
351,2018-05-26,2018-09-08,Sat,9:00 AM,1:00 PM
352,2021-06-01,2021-06-01,Sat,8:00 AM,1:00 PM
353,2020-06-06,2020-09-26,Sat,8:00 AM,12:00 PM
354,2021-04-17,2021-04-17,Sat,8:00 AM,11:30 PM
355,2020-05-09,2020-10-10,Sun,8:30 AM,11:30 AM
356,2021-04-01,2021-04-01,Sat,9:00 AM,1:00 PM
357,2018-06-04,2018-10-29,Mon,2:00 PM,5:00 PM
358,2020-06-04,2020-10-01,Thu,10:00 AM,4:00 PM
359,2020-04-25,2020-11-21,Sat,9:00 AM,12:00 PM
360,2015-01-01,2015-12-31,Wed,10:00 AM,1:00 PM
361,2021-06-03,2021-06-03,Thu,10:30 AM,1:30 PM
362,2019-07-15,2020-11-25,Mon,12:00 PM,6:00 PM
363,2019-07-15,2020-11-25,Wed,12:00 PM,6:00 PM
364,2019-07-15,2020-11-25,Fri,12:00 PM,6:00 PM
365,2017-11-04,2018-05-05,Sat,9:00 AM,12:00 PM
366,2020-05-13,2020-11-07,Sat,8:30 AM,12:30 PM
367,2020-04-01,2020-12-19,Sat,9:00 AM,1:00 PM
368,2020-04-01,2020-12-23,[],,
369,2020-05-28,2020-05-28,Thu,4:00 PM,7:00 PM
370,2021-06-06,2021-06-06,Sun,10:00 AM,1:00 PM
371,2020-06-13,2020-10-17,Sat,9:00 AM,1:00 PM
372,2020-06-10,2020-10-07,Wed,3:00 PM,7:00 PM
373,2021-04-03,2021-04-03,Sat,8:00 AM,12:00 PM
374,2021-06-01,2021-06-01,Tue,10:00 AM,1:00 PM
375,2021-06-01,2021-06-01,Thu,3:00 AM,6:00 PM
376,2018-01-01,2018-12-31,Wed,11:00 AM,5:00 PM
377,2018-01-01,2018-12-31,Sat,11:00 AM,5:00 PM
378,2019-05-04,2019-10-26,Sat,7:00 AM,12:00 PM
379,2021-05-20,2021-05-20,Thu,4:00 PM,6:30 PM
380,2020-06-04,2020-09-24,Thu,4:00 PM,7:00 PM
381,2018-01-01,2018-12-31,Mon,9:00 AM,5:30 PM
382,2018-01-01,2018-12-31,Tue,9:00 AM,5:30 PM
383,2018-01-01,2018-12-31,Wed,9:00 AM,5:30 PM
384,2018-01-01,2018-12-31,Thu,9:00 AM,5:30 PM
385,2018-01-01,2018-12-31,Fri,9:00 AM,5:30 PM
386,2018-01-01,2018-12-31,Sat,9:00 AM,5:30 PM
387,2018-01-01,2018-12-31,Sun,10:00 AM,4:00 PM
388,2018-01-01,2018-12-31,Fri,9:00 AM,6:00 PM
389,2018-01-01,2018-12-31,Sun,10:00 AM,5:00 PM
390,2021-05-03,2021-05-03,Mon,1:00 PM,4:00 PM
391,2019-06-01,2019-10-31,Thu,3:00 PM,7:00 PM
392,2018-06-12,2018-10-30,Tue,10:00 AM,2:00 PM
393,2018-06-12,2018-10-30,Fri,10:00 AM,2:00 PM
394,2021-04-24,2021-04-24,Sat,7:00 AM,12:00 PM
395,2018-05-02,2018-10-31,Wed,9:00 AM,2:00 PM
396,2019-05-06,2019-10-07,Mon,5:00 PM,7:00 PM
397,2022-06-03,2022-06-03,Fri,4:00 PM,8:00 PM
398,2019-01-01,2019-12-31,Wed,5:00 PM,8:00 PM
399,2018-06-02,2018-10-27,Sat,7:30 AM,12:00 PM
400,2022-04-16,2022-04-16,Wed,9:00 AM,1:00 PM
401,2022-12-03,2022-12-03,Sat,10:00 AM,2:00 PM
402,2020-06-03,,Wed,4:30 PM,7:30 PM
403,2018-01-17,2019-12-21,Sat,8:00 AM,11:00 AM
404,2020-01-01,2020-01-01,Thu,4:00 PM,6:00 PM
405,2021-01-01,2021-01-01,Thu,4:00 PM,6:00 PM
406,2020-01-01,2020-12-31,Sat,8:00 AM,11:00 AM
407,2019-06-20,2019-10-03,Thu,2:00 PM,8:00 PM
408,2019-06-06,2019-08-29,Thu,4:00 PM,7:00 PM
409,2019-04-20,2019-10-26,Sat,9:00 AM,12:00 PM
410,2019-01-01,2019-12-31,Sun,10:00 AM,2:00 PM
411,2018-11-03,2019-04-06,Sat,9:00 AM,12:00 PM
412,2019-06-02,2019-10-27,Sun,11:00 AM,2:00 PM
413,2018-05-05,2018-10-27,Sat,9:00 AM,1:00 PM
414,2016-01-01,2016-12-31,Sat,8:00 AM,12:00 PM
415,2016-06-01,2016-09-28,Wed,8:00 AM,12:00 PM
416,2021-06-23,2021-06-23,Wed,4:30 PM,6:30 PM
417,2021-11-27,2021-11-27,Sat,10:00 AM,2:00 PM
418,2018-01-01,2018-12-31,Tue,9:00 AM,1:00 PM
419,2018-10-17,2019-07-10,Wed,1:00 PM,5:00 PM
420,2021-06-19,2021-06-19,Sat,9:00 AM,1:00 PM
421,2018-04-18,2018-11-28,Wed,11:00 AM,3:00 PM
422,2021-06-05,2021-06-05,Sat,8:00 AM,1:00 PM
423,2021-01-01,2021-01-01,Tue,2:00 AM,7:00 PM
424,2019-01-01,2019-12-31,Tue,5:00 PM,7:00 PM
425,2019-01-01,2019-12-31,Sat,9:00 AM,1:00 PM
426,2019-11-02,2020-04-18,Sat,9:00 AM,1:00 PM
427,2020-05-02,2020-09-26,Sat,8:00 AM,12:00 PM
428,2019-07-12,2019-10-04,Fri,4:00 PM,7:00 PM
429,2021-06-12,2021-06-12,Mon,7:00 AM,12:00 PM
430,2021-06-12,2021-06-12,Wed,7:00 AM,12:00 PM
431,2021-06-12,2021-06-12,Sat,7:00 AM,12:00 PM
432,2018-05-01,2018-10-31,Sun,8:00 AM,12:00 PM
433,2018-05-01,2018-10-01,Sat,8:00 AM,12:00 PM
434,2021-06-01,2021-06-01,Fri,4:00 PM,6:00 PM
435,2018-07-19,2018-10-18,Thu,4:00 PM,6:00 PM
436,2018-06-02,2018-09-29,Sat,10:00 AM,1:00 PM
437,2021-04-24,2021-04-24,Sat,8:00 AM,12:00 PM
438,2018-06-01,2018-09-28,Fri,2:00 PM,7:00 PM
439,2021-05-01,2021-05-01,Wed,3:00 PM,6:00 PM
440,2021-05-01,2021-05-01,Sat,8:00 AM,11:00 AM
441,2018-06-05,2018-10-16,Tue,3:00 PM,6:00 PM
442,2021-06-03,2021-06-03,Thu,10:00 AM,2:00 PM
443,2018-05-06,2018-09-30,Sun,8:00 AM,12:00 PM
444,2020-08-13,2020-09-24,Thu,5:00 PM,8:00 PM
445,2021-02-06,2021-02-06,Sat,9:00 AM,1:00 PM
446,2018-05-05,2018-12-22,Sun,9:00 AM,1:00 PM
447,2020-10-31,2020-05-01,Sat,9:00 AM,2:00 PM
448,2021-06-12,2021-06-12,Sat,11:00 AM,3:00 PM
449,2022-04-02,2022-04-02,Sat,9:00 AM,1:00 PM
450,2018-06-02,2018-09-29,Sat,10:00 AM,2:00 PM
451,2014-05-03,2014-05-03,Tue,2:00 PM,6:00 PM
452,2014-05-03,2014-05-03,Sat,8:00 AM,1:00 PM
453,2021-01-01,2021-01-01,Sun,10:00 AM,1:00 PM
454,2012-09-01,,Sat,8:00 AM,12:00 PM
455,2018-05-12,2018-10-13,Sun,8:00 AM,12:00 PM
456,2021-06-03,2021-06-03,Thu,3:00 PM,7:00 PM
457,2021-10-07,2021-10-07,Thu,3:00 PM,6:00 PM
458,2020-04-01,,Wed,3:30 PM,6:00 PM
459,2020-04-01,,Sat,9:00 AM,12:00 PM
460,2020-05-16,2020-10-31,Sat,8:00 AM,12:00 PM
461,2019-07-26,2019-10-27,Fri,4:00 PM,7:00 PM
462,2019-07-26,2019-10-27,Sat,1:00 PM,5:00 PM
463,2019-07-26,2019-10-27,Sun,1:00 PM,5:00 PM
464,2017-07-18,2017-10-10,Tue,11:30 AM,1:30 PM
465,2020-06-06,2020-10-31,Sat,9:00 AM,12:00 PM
466,2021-05-05,2021-05-05,Wed,2:00 PM,6:00 PM
467,2018-06-06,2018-10-03,Wed,2:30 PM,6:00 PM
468,2021-05-15,2021-05-15,Sat,9:00 AM,3:00 PM
469,2021-05-09,2021-05-09,Sun,9:00 AM,2:00 PM
470,2021-04-24,2021-04-24,Sat,8:30 AM,1:00 PM
471,2021-01-09,2021-01-09,Sat,9:00 AM,1:00 PM
472,2021-03-07,2021-03-07,Sun,10:00 AM,3:00 PM
473,2021-01-09,2021-01-09,Sun,10:00 AM,3:00 PM
474,2021-06-11,2021-06-11,Fri,9:00 AM,2:00 PM
475,2021-05-08,2021-05-08,Sat,8:30 AM,1:00 PM
476,2021-01-01,2021-01-01,Sun,10:00 AM,3:00 PM
477,2021-06-11,2021-06-11,Fri,8:30 AM,4:00 PM
478,2021-05-09,2021-05-09,Sun,8:30 AM,2:00 PM
479,2018-05-01,2018-12-01,Sat,9:00 AM,1:00 PM
480,2019-01-01,2019-04-01,Sat,10:00 AM,12:00 PM
481,2019-01-01,2019-12-31,Thu,4:00 PM,7:00 PM
482,2021-04-02,2021-04-02,Fri,3:00 PM,7:00 PM
483,2016-05-07,2016-10-29,Sat,8:00 AM,1:00 PM
484,2021-05-08,2021-05-08,Sat,7:30 AM,12:00 PM
485,,,Sat,10:00 AM,12:00 PM
486,2019-04-20,2019-10-05,Thu,5:00 PM,8:00 PM
487,2019-04-20,2019-10-05,Sat,8:00 AM,12:00 PM
488,2020-04-02,2020-09-24,Thu,6:00 PM,9:00 PM
489,2018-04-21,2018-10-27,Wed,3:00 PM,6:00 PM
490,2018-04-21,2018-10-27,Sat,9:00 AM,12:00 PM
491,2020-06-05,2020-10-01,Fri,3:00 PM,7:00 PM
492,2021-05-01,2021-05-01,Sat,7:30 AM,1:00 PM
493,2018-05-01,2018-09-29,Fri,8:00 AM,1:00 PM
494,2018-05-19,2018-10-27,Sat,7:00 AM,12:00 PM
495,2018-05-17,2018-10-18,Thu,4:00 PM,6:00 PM
496,2020-05-23,2020-10-31,Sat,7:00 AM,12:00 PM
497,2018-01-01,2018-12-31,Sat,8:00 AM,12:00 PM
498,2018-05-12,2018-10-27,Sat,8:00 AM,12:00 PM
499,2018-06-06,2018-09-26,Wed,11:00 AM,3:00 PM
500,2019-05-25,2019-10-26,Sat,7:00 AM,12:00 PM
501,2019-05-04,2019-09-21,Sat,9:00 AM,1:00 PM
502,2018-05-29,2018-10-09,Tue,3:00 PM,6:30 PM
503,2021-06-01,2021-06-01,Tue,3:00 PM,6:00 PM
504,2019-05-25,2019-10-26,Sat,9:00 AM,1:00 PM
505,2019-11-02,2019-12-14,Sat,9:00 AM,1:00 PM
506,2019-05-04,2019-10-26,Sat,9:00 AM,1:00 PM
507,2019-05-07,2019-09-24,Tue,4:00 PM,8:00 PM
508,2020-01-11,2020-04-25,Sat,9:00 AM,1:00 PM
509,2019-05-04,2020-12-19,Sat,8:00 AM,12:00 PM
510,2018-01-01,2018-12-31,Wed,1:00 PM,6:00 PM
511,2019-05-12,2019-10-27,Sun,9:00 AM,1:00 PM
512,2020-05-16,2020-10-17,Thu,2:00 PM,6:00 PM
513,2020-05-16,2020-10-17,Sat,8:00 AM,12:00 PM
514,2019-06-05,2019-09-25,Wed,3:30 PM,7:30 PM
515,2012-05-01,,Thu,4:00 PM,8:00 PM
516,2018-04-05,2018-09-27,Thu,4:00 PM,8:00 PM
517,2020-05-02,2020-05-02,Sat,7:00 AM,12:00 PM
518,2020-07-14,2020-09-29,Tue,11:00 AM,1:00 PM
519,2021-05-08,2021-05-08,Sat,8:00 AM,12:00 PM
520,2021-10-02,2021-10-02,Sat,9:00 AM,12:00 PM
521,2020-04-04,2020-11-21,Sat,8:00 AM,12:00 PM
522,2020-12-05,2020-12-26,Sat,10:00 AM,12:00 PM
523,2020-04-22,2020-11-18,Wed,3:00 PM,6:00 PM
524,2018-06-04,2018-10-01,Mon,2:30 PM,6:00 PM
525,2021-05-06,2021-05-06,Thu,3:00 PM,7:00 PM
526,2018-06-01,2018-09-28,Fri,4:00 PM,8:00 PM
527,2020-05-30,2020-08-24,Thu,4:00 PM,7:00 PM
528,2021-01-01,2021-01-01,Tue,4:00 PM,7:00 PM
529,2017-04-13,2018-11-15,Thu,4:00 PM,8:00 PM
530,2021-07-07,2021-07-07,Wed,3:00 PM,6:30 PM
531,2020-10-23,2020-10-23,Thu,2:00 PM,6:00 PM
532,2018-01-01,2018-12-31,Sun,10:00 AM,2:00 PM
533,2018-06-13,2018-10-03,Wed,4:00 PM,7:00 PM
534,2020-01-01,2020-12-31,Mon,3:30 PM,7:30 PM
535,2020-01-01,2020-12-31,Thu,3:30 PM,7:30 PM
536,2021-04-06,2021-04-06,Tue,3:30 PM,6:30 PM
537,2021-11-30,2021-11-30,Tue,3:00 PM,6:00 PM
538,2019-07-02,2019-10-29,Tue,12:00 PM,7:00 PM
539,2020-04-15,2020-11-25,Wed,11:00 AM,2:00 PM
540,2020-02-05,2020-12-30,Wed,4:00 PM,7:00 PM
541,2018-06-15,2018-10-12,Fri,2:30 PM,6:00 PM
542,2021-06-17,2021-06-17,Thu,10:00 AM,2:00 PM
543,2018-05-23,2018-10-24,Wed,3:00 PM,7:00 PM
544,2022-05-22,2022-05-22,Sun,10:00 AM,2:00 PM
545,2021-05-01,2021-05-01,Sat,9:00 AM,1:00 PM
546,2021-01-09,2021-01-09,Sat,10:00 AM,12:00 PM
547,2019-05-05,2019-09-29,Sun,1:00 PM,4:00 PM
548,2022-06-12,2022-06-12,Sun,10:00 AM,2:00 PM
549,2020-01-01,2020-12-31,Fri,3:00 PM,7:30 PM
550,2021-05-01,2021-05-01,Sat,9:00 AM,2:00 PM
551,2018-05-25,2018-10-26,Fri,9:00 AM,1:00 PM
552,2022-01-01,2022-01-01,Sat,8:00 AM,9:00 AM
553,2022-01-01,2022-01-01,Sun,9:00 AM,1:00 PM
554,2021-05-20,2021-05-20,Sun,8:00 AM,1:00 PM
555,2020-07-09,2020-10-29,Thu,5:00 PM,9:00 PM
556,2016-05-26,2020-10-15,Fri,4:00 PM,6:00 PM
557,2020-01-01,2020-12-31,Thu,5:00 PM,8:00 PM
558,2021-05-29,2021-05-29,Sat,8:00 AM,12:00 PM
559,2018-05-12,2018-10-20,Sat,9:00 AM,12:00 PM
560,2020-06-09,,Tue,8:00 AM,1:00 PM
561,2020-06-09,,Fri,8:00 AM,1:00 PM
562,2018-06-23,2018-10-06,Sat,9:30 AM,12:30 PM
563,2018-05-06,2018-11-25,Sun,10:00 AM,2:00 PM
564,2018-12-02,2018-12-30,Sun,10:00 AM,12:00 PM
565,2019-01-13,2019-04-28,Sun,10:00 AM,12:00 PM
566,2016-01-01,2016-12-31,Sun,8:00 AM,1:00 PM
567,2018-07-28,2018-09-29,Sat,9:00 AM,12:00 PM
568,2019-06-06,2019-09-26,Thu,3:30 PM,6:30 PM
569,2017-04-01,2017-10-28,Sat,8:00 AM,1:00 PM
570,2019-06-06,2019-09-26,Thu,3:00 PM,7:00 PM
571,2014-06-09,2014-06-09,Mon,10:00 AM,5:00 PM
572,2019-05-04,2019-09-28,Sat,11:00 AM,3:00 PM
573,2020-06-13,2020-09-26,Sat,10:00 AM,12:00 PM
574,2020-04-23,2020-11-24,Thu,8:00 AM,1:00 PM
575,2020-11-28,2020-12-31,Thu,9:00 AM,12:00 PM
576,2022-06-11,2022-06-11,Sat,9:00 AM,1:00 PM
577,2019-01-01,2019-12-31,Fri,9:00 AM,10:00 AM
578,2018-05-03,2018-10-25,Thu,2:30 PM,6:00 PM
579,2018-06-07,2018-10-25,Thu,3:00 AM,6:00 PM
580,2020-05-06,2020-10-14,Wed,4:00 PM,8:00 PM
581,2018-05-12,2018-10-27,Sat,8:00 AM,1:00 PM
582,2018-05-12,,Sat,8:00 AM,11:00 AM
583,2019-06-06,2019-08-01,Thu,4:00 PM,7:00 PM
584,2019-09-12,2019-10-10,Thu,4:00 PM,7:00 PM
585,2019-05-04,2019-10-26,Sat,8:00 AM,1:00 PM
586,2021-05-18,2021-05-18,Tue,5:00 PM,8:00 PM
587,2019-06-12,2019-09-25,Wed,3:30 PM,5:00 PM
588,2019-01-01,2019-12-31,Wed,8:30 AM,1:00 PM
589,2019-01-01,2019-12-31,Sat,8:30 AM,1:00 PM
590,2018-05-04,2018-09-28,Sat,5:00 PM,8:00 PM
591,2019-06-04,2019-09-10,Tue,3:00 PM,6:00 PM
592,2022-06-04,2022-06-04,Sat,9:00 AM,1:00 PM
593,2018-05-30,2018-09-19,Wed,3:00 PM,7:00 PM
594,2021-03-20,2021-03-20,Sat,10:00 AM,1:00 PM
595,2021-07-03,2021-07-03,Wed,8:00 AM,12:00 PM
596,2021-07-03,2021-07-03,Sat,8:00 AM,12:00 PM
597,2021-11-06,2021-11-06,Sat,10:00 AM,1:00 PM
598,2012-10-01,2012-12-31,[],,
599,2021-04-24,2021-04-24,Sat,8:00 AM,1:00 PM
600,2021-11-06,2021-11-06,Sat,10:00 AM,12:00 PM
601,2018-01-01,2018-12-31,Sat,8:00 AM,1:00 PM
602,2021-05-22,2021-05-22,Sat,8:00 AM,1:00 PM
603,2020-04-02,2020-10-29,Thu,3:00 PM,5:30 PM
604,2020-04-04,2020-10-31,Sat,8:00 AM,1:00 PM
605,2021-01-16,2021-01-16,Sun,9:00 AM,1:00 PM
606,2021-01-01,2021-12-31,Wed,3:00 PM,7:00 PM
607,2020-07-15,2020-09-30,Wed,4:30 PM,6:30 PM
608,2018-12-23,2020-12-01,Sun,9:00 AM,2:00 PM
609,2021-05-08,2021-05-08,Sat,8:30 AM,12:00 PM
610,2020-05-02,2020-09-26,Thu,4:00 PM,7:00 PM
611,2020-05-02,2020-09-26,Sat,9:00 AM,1:00 PM
612,2018-04-03,2018-11-20,Tue,4:00 AM,6:00 PM
613,2018-05-01,2018-10-30,Tue,2:30 PM,6:30 PM
614,2022-06-04,2022-06-04,Sat,9:00 AM,12:00 PM
615,2022-06-04,2022-06-04,Sat,8:00 AM,12:00 PM
616,2020-01-01,2020-12-31,Tue,10:00 AM,2:00 PM
617,2020-01-01,2020-12-31,Thu,10:00 AM,2:00 PM
618,2020-01-01,2020-12-31,Sat,8:00 AM,2:00 PM
619,2018-07-14,2018-10-13,Wed,3:00 PM,5:00 PM
620,2018-07-14,2018-10-13,Sat,10:00 AM,2:00 PM
621,2021-05-02,2021-05-02,Sun,11:00 AM,2:00 PM
622,2018-06-09,2018-10-13,Sat,10:00 AM,1:00 PM
623,2020-01-01,2020-12-31,Tue,3:00 PM,7:00 PM
624,2020-01-01,2020-12-31,Fri,3:00 PM,7:00 PM
625,2019-07-07,2019-08-18,Sun,11:00 AM,2:00 PM
626,2019-06-05,2019-10-23,Wed,9:30 AM,1:30 PM
627,2020-06-07,2020-10-25,Sun,9:00 AM,1:00 PM
628,2020-06-13,2020-10-31,Tue,2:00 PM,6:00 PM
629,2020-06-13,2020-10-31,Sat,8:00 AM,1:00 PM
630,2020-05-30,2020-10-10,Sat,9:00 AM,1:00 PM
631,2020-08-16,2020-10-25,Sun,9:30 AM,1:30 PM
632,2021-06-26,2021-06-26,Tue,9:00 AM,2:00 PM
633,2021-06-26,2021-06-26,Thu,9:00 AM,2:00 PM
634,2021-06-26,2021-06-26,Sat,7:00 AM,2:00 PM
635,2021-06-26,2021-06-26,Sun,9:00 AM,2:00 PM
636,2021-11-06,2021-11-06,Sat,9:00 AM,2:00 PM
637,2018-06-05,2018-09-25,Tue,5:00 PM,8:00 PM
638,2021-11-20,2021-11-20,Sat,8:00 AM,12:00 PM
639,2022-05-04,2022-05-04,Wed,4:00 PM,8:00 PM
640,2021-05-21,2021-05-21,Fri,4:00 PM,7:00 PM
641,2020-05-05,2020-10-27,Tue,4:00 PM,7:00 PM
642,2018-06-07,2018-09-27,Thu,4:00 PM,7:00 PM
643,2022-01-01,2022-01-01,Sat,7:00 AM,12:00 PM
644,2018-05-01,2018-11-23,Thu,4:00 PM,6:00 PM
645,2018-05-01,2018-11-23,Sat,8:00 AM,10:00 AM
646,2018-11-01,2019-12-01,Thu,4:00 PM,6:00 PM
647,2018-11-01,2019-12-01,Sat,9:00 AM,11:00 AM
648,2018-06-05,2018-09-25,Tue,4:00 PM,8:00 PM
649,2019-05-11,2019-05-11,Wed,3:00 PM,6:00 PM
650,2019-05-11,2019-05-11,Sat,8:00 AM,2:00 PM
651,2021-05-22,2021-05-22,Wed,3:00 PM,6:00 PM
652,2021-05-22,2021-05-22,Sat,8:00 AM,2:00 PM
653,2021-04-24,2021-04-24,Sat,8:30 AM,12:00 PM
654,2021-05-04,2021-05-04,Tue,8:30 AM,12:00 PM
655,2021-01-09,2021-01-09,Sat,10:00 AM,11:30 AM
656,2018-05-12,2018-09-01,Sat,8:00 AM,12:00 PM
657,2022-06-01,2022-06-01,Wed,3:30 PM,6:30 PM
658,2020-04-25,,Tue,8:00 AM,4:00 PM
659,2020-04-25,,Sat,8:00 AM,1:00 PM
660,2020-05-30,2020-08-29,Sun,9:00 AM,1:00 PM
661,2021-05-30,2021-05-30,Sun,2:00 PM,5:00 PM
662,2019-01-01,2019-02-01,Sat,9:00 AM,12:00 PM
663,2019-03-01,2019-06-01,Sat,9:00 AM,1:00 PM
664,2019-07-01,2019-09-01,Sat,9:00 AM,1:00 PM
665,2019-10-01,2019-12-01,Sat,9:00 AM,1:00 PM
666,2017-05-10,2017-10-11,Wed,4:00 PM,7:00 PM
667,2021-01-01,2021-01-01,Sat,8:00 AM,2:00 PM
668,2021-01-01,2021-01-01,Sun,10:00 AM,2:00 PM
669,2019-03-20,2019-12-18,Wed,3:00 PM,7:00 PM
670,2019-03-05,2019-12-10,Tue,10:30 AM,11:30 AM
671,2018-06-12,2018-11-17,Tue,10:00 AM,5:00 PM
672,2018-06-12,2018-11-17,Wed,11:00 AM,5:00 PM
673,2018-06-12,2018-11-17,Thu,9:00 AM,3:00 PM
674,2018-06-12,2018-11-17,Fri,10:00 AM,12:00 PM
675,2018-06-12,2018-11-17,Sat,10:00 AM,1:00 PM
676,2020-01-01,2020-12-31,Sun,8:30 AM,1:30 PM
677,2021-03-24,2021-03-24,Wed,3:00 PM,6:00 PM
678,2021-06-02,2021-06-02,Wed,3:00 PM,7:00 PM
679,2021-10-06,2021-10-06,Wed,3:00 PM,6:00 PM
680,2020-05-16,2020-09-26,Sat,9:00 AM,1:00 PM
681,2018-10-06,2019-05-11,Sat,9:00 AM,1:00 PM
682,2020-05-01,2020-10-01,Sat,8:00 AM,12:00 PM
683,2019-05-04,2019-10-26,Wed,8:00 AM,2:00 PM
684,2019-05-04,2019-10-26,Fri,8:00 AM,2:00 PM
685,2019-05-04,2019-10-26,Sat,8:00 AM,2:00 PM
686,2019-11-02,2020-04-25,Sat,10:00 AM,1:00 PM
687,2021-04-17,2021-04-17,Sat,9:00 AM,1:00 PM
688,2022-05-21,2022-05-21,Sat,8:00 AM,12:00 PM
689,2019-04-13,2019-10-26,Sat,8:00 AM,1:00 PM
690,2018-01-01,2018-12-31,Sun,8:30 AM,1:00 PM
691,2018-06-02,2018-09-29,Sat,7:00 AM,12:00 PM
692,2020-05-14,2020-09-01,Thu,4:00 PM,7:00 PM
693,2020-05-02,2020-10-31,Sat,9:00 AM,12:30 PM
694,2022-04-09,2022-04-09,Sat,10:00 AM,2:00 PM
695,2022-06-11,2022-06-11,Sat,10:00 AM,2:00 PM
696,2020-06-16,2020-10-06,Tue,3:00 PM,6:00 PM
697,2019-07-24,2020-10-28,Wed,9:00 AM,1:00 PM
698,2022-05-07,2022-05-07,Tue,7:00 AM,12:00 PM
699,2022-05-07,2022-05-07,Thu,7:00 AM,12:00 PM
700,2022-05-07,2022-05-07,Sat,7:00 AM,12:00 PM
701,2021-05-04,2021-05-04,Tue,1:00 PM,6:00 PM
702,2019-07-01,2019-09-01,Thu,11:00 AM,2:30 PM
703,2019-07-16,2019-09-17,Tue,11:00 AM,2:30 PM
704,2019-07-23,2019-07-23,Tue,11:00 AM,2:30 PM
705,2019-07-11,2019-09-26,Thu,11:00 AM,2:30 PM
706,2019-08-01,2019-09-01,Wed,11:00 AM,2:30 PM
707,2019-07-10,2019-09-25,Wed,11:00 AM,2:30 PM
708,2019-08-29,2019-08-29,Thu,11:00 AM,2:30 PM
709,2021-01-02,2021-01-02,Sat,8:00 AM,12:00 PM
710,2021-05-01,2021-05-01,Sat,7:00 AM,11:00 AM
711,2021-10-02,2021-10-02,Sat,8:00 AM,12:00 PM
712,2021-06-13,2021-06-13,Sun,10:00 AM,1:00 PM
713,2018-05-01,2018-10-31,Wed,2:00 PM,6:00 PM
714,2018-05-01,2018-10-31,Sat,8:00 AM,1:00 PM
715,2017-11-01,2018-04-01,Wed,2:00 PM,6:00 PM
716,2021-06-08,2021-06-08,Tue,9:00 AM,1:00 PM
717,2012-06-01,2012-09-30,Tue,7:00 AM,1:00 PM
718,2020-06-07,2020-10-25,Sun,9:00 AM,2:00 PM
719,2021-05-07,2021-05-07,Fri,9:00 AM,1:00 PM
720,2020-03-07,2020-12-19,Sat,8:00 AM,12:00 PM
721,2020-06-17,2020-10-01,Wed,3:00 PM,7:00 PM
722,2021-05-04,2021-05-04,Tue,2:00 PM,6:00 PM
723,2021-05-21,2021-05-21,Fri,2:00 PM,6:00 PM
724,2018-05-25,2018-10-26,Fri,10:00 AM,5:00 PM
725,2021-05-15,2021-05-15,Sat,7:00 AM,12:00 PM
726,2016-05-11,2016-10-29,Wed,8:00 AM,1:00 PM
727,2016-05-11,2016-10-29,Sat,8:00 AM,1:00 PM
728,2018-04-21,2018-04-21,Sat,8:00 AM,12:00 PM
729,2020-11-21,2020-11-21,Sat,10:00 AM,1:00 PM
730,2021-01-03,2021-01-03,Sun,9:00 AM,1:00 PM
731,2020-07-07,2020-11-28,Tue,9:00 AM,4:00 PM
732,2020-07-07,2020-11-28,Sat,9:00 AM,4:00 PM
733,2021-06-01,2021-06-01,Tue,4:00 PM,7:00 PM
734,2018-05-23,2018-10-10,Wed,6:30 AM,3:00 PM
735,2021-01-09,2021-01-09,Sat,9:00 AM,12:00 PM
736,2021-05-22,2021-05-22,Sat,8:00 AM,12:00 PM
737,2021-05-01,2021-05-01,Wed,7:00 AM,1:00 PM
738,2021-05-01,2021-05-01,Sun,7:00 AM,1:00 PM
739,2019-03-30,2019-11-23,Sat,9:00 AM,1:00 PM
740,2020-06-04,2020-09-17,Thu,9:00 AM,2:00 PM
741,2021-05-09,2021-05-09,Sun,10:00 AM,2:00 PM
742,2018-05-05,2018-09-15,Sat,9:00 AM,1:00 PM
743,2018-01-01,2018-12-31,Sat,8:30 AM,12:30 PM
744,2021-05-13,2021-05-13,Thu,3:00 PM,6:00 PM
745,2021-05-13,2021-05-13,Sat,10:00 AM,12:00 PM
746,2021-01-01,2021-01-01,Sat,9:30 AM,12:30 PM
747,2018-05-19,2018-10-20,Sat,10:00 AM,1:00 PM
748,2020-01-01,2020-12-31,Sat,8:30 AM,11:00 AM
749,2021-05-15,2021-05-15,Sat,8:00 AM,12:00 PM
750,2019-01-01,2019-12-31,Fri,7:00 AM,8:00 AM
751,2021-05-05,2021-05-05,Wed,4:00 PM,7:00 PM
752,2019-05-18,2019-10-05,Sat,8:30 AM,12:00 PM
753,2020-01-01,2020-12-31,Wed,10:00 AM,7:00 PM
754,2020-01-01,2020-12-31,Thu,10:00 AM,7:00 PM
755,2020-01-01,2020-12-31,Fri,10:00 AM,7:00 PM
756,2020-01-01,2020-12-31,Sat,10:00 AM,7:00 PM
757,2020-05-08,2020-10-09,Fri,2:00 PM,5:30 PM
758,2020-10-16,2020-12-18,Fri,2:00 PM,5:30 PM
759,2018-04-04,2018-09-26,Wed,3:00 PM,7:00 PM
760,2018-05-15,2018-10-19,Tue,4:30 PM,6:30 PM
761,2018-05-15,2018-10-19,Fri,4:30 PM,6:30 PM
762,2021-03-01,2021-03-01,Fri,3:00 PM,5:00 PM
763,2021-11-01,2021-11-01,Fri,2:30 PM,4:30 PM
764,2022-01-01,2022-01-01,Fri,2:30 PM,4:30 PM
765,2018-01-01,2018-01-01,Sat,9:30 AM,12:00 PM
766,2018-05-10,2018-10-25,Thu,4:00 PM,6:00 PM
767,2018-01-01,2018-12-31,Sat,6:00 AM,12:00 PM
768,2019-07-10,2019-09-25,Wed,4:00 PM,7:00 PM
769,2020-07-08,2020-09-30,Wed,4:00 PM,7:00 PM
770,2018-07-16,2018-10-31,Mon,9:00 AM,6:00 PM
771,2018-07-16,2018-10-31,Tue,9:00 AM,6:00 PM
772,2018-07-16,2018-10-31,Wed,9:00 AM,6:00 PM
773,2018-07-16,2018-10-31,Thu,9:00 AM,6:00 PM
774,2018-07-16,2018-10-31,Fri,9:00 AM,6:00 PM
775,2018-07-16,2018-10-31,Sat,9:00 AM,6:00 PM
776,2022-10-01,2022-10-01,Sat,3:00 PM,4:30 PM
777,2021-06-04,2021-06-04,Thu,3:00 PM,7:00 PM
778,2020-05-02,2020-10-31,Sat,9:00 AM,1:00 PM
779,2020-06-03,2020-09-30,[],,
780,2020-06-01,2020-09-30,Tue,7:30 AM,1:00 PM
781,2020-06-01,2020-09-30,Wed,7:30 AM,1:00 PM
782,2020-06-01,2020-09-30,Fri,7:30 AM,1:00 PM
783,2018-07-15,2018-10-14,Sun,11:00 AM,2:00 PM
784,2019-06-04,2019-11-19,Tue,8:00 AM,4:00 PM
785,2019-06-06,2019-11-14,Thu,8:00 AM,4:00 PM
786,2019-06-05,2019-11-20,Wed,8:00 AM,4:00 PM
787,2019-06-05,2019-11-20,Fri,8:00 AM,4:00 PM
788,2019-01-01,2019-12-31,Fri,8:00 AM,4:00 PM
789,2019-06-04,2019-11-19,Fri,8:00 AM,4:00 PM
790,2019-06-08,2019-11-16,Sat,8:00 AM,4:00 PM
791,2019-06-07,2019-11-15,Fri,8:00 AM,4:00 PM
792,2019-06-04,2019-11-19,Thu,8:00 AM,4:00 PM
793,2019-01-01,2019-12-31,Sat,1:00 PM,2:00 PM
794,2021-04-03,2021-04-03,Sat,9:00 AM,1:00 PM
795,2020-01-04,2020-01-04,Sat,10:00 AM,1:00 PM
796,2022-06-23,2022-06-23,Thu,4:00 PM,7:00 PM
797,2022-11-05,2022-11-05,Sat,9:00 AM,12:00 PM
798,2020-04-18,2020-10-17,Sat,9:00 AM,1:00 PM
799,2020-06-04,2020-08-01,Thu,5:00 PM,9:00 PM
800,2021-01-01,2021-01-01,Mon,9:00 AM,2:00 PM
801,2018-04-07,2018-10-27,Sat,8:00 AM,12:00 PM
802,2020-06-01,2020-08-31,Tue,5:00 PM,7:00 PM
803,2021-07-16,2021-07-16,Fri,3:00 PM,5:30 PM
804,2020-05-09,2020-10-31,Sat,9:00 AM,12:00 PM
805,2021-02-09,2021-02-09,Tue,4:30 PM,5:30 PM
806,2020-05-15,2020-10-15,Tue,6:00 PM,8:00 PM
807,2020-05-15,2020-10-15,Fri,6:00 PM,8:00 PM
808,2020-05-15,2020-10-15,Sat,12:00 PM,2:00 PM
809,2018-07-01,2019-07-01,Fri,10:00 AM,2:00 PM
810,2018-05-25,2018-10-06,Fri,9:00 AM,2:00 PM
811,2018-05-25,2018-10-06,Sat,9:00 AM,2:00 PM
812,2020-05-02,2020-10-31,Sat,8:00 AM,1:00 PM
813,2020-11-14,2020-11-14,Sat,1:00 PM,5:00 PM
814,2019-04-18,2019-11-14,Thu,8:00 AM,12:30 PM
815,2021-06-01,2021-06-01,Mon,5:00 PM,9:00 PM
816,2018-01-01,2018-12-31,Thu,8:00 AM,12:00 PM
817,2018-01-01,2018-12-31,Sat,8:30 AM,1:00 PM
818,2018-01-01,2020-12-01,Thu,12:00 PM,4:00 PM
819,2018-05-25,2018-10-26,Fri,3:30 PM,6:00 PM
820,2021-04-04,2021-04-04,Sun,10:00 AM,2:00 PM
821,2018-04-06,2018-10-31,Mon,11:00 AM,6:00 PM
822,2018-04-06,2018-10-31,Tue,11:00 AM,6:00 PM
823,2018-04-06,2018-10-31,Wed,11:00 AM,6:00 PM
824,2018-04-06,2018-10-31,Thu,11:00 AM,6:00 PM
825,2018-04-06,2018-10-31,Fri,11:00 AM,6:00 PM
826,2018-04-06,2018-10-31,Sat,11:00 AM,6:00 PM
827,2018-04-06,2018-10-31,Sun,11:00 AM,6:00 PM
828,2019-05-08,2019-10-09,Wed,3:30 PM,6:30 PM
829,2020-05-03,2020-11-01,Sun,10:00 AM,2:00 PM
830,2019-03-07,2019-10-31,Thu,3:00 PM,7:00 PM
831,2018-05-01,2018-11-17,Sat,9:00 AM,1:00 PM
832,2021-05-31,2021-05-31,Mon,7:00 AM,1:00 PM
833,2018-05-05,2018-10-27,Tue,4:00 PM,7:00 PM
834,2018-05-05,2018-10-27,Sat,7:00 AM,12:00 PM
835,2018-11-03,2019-04-27,Sat,9:00 AM,12:00 PM
836,2020-05-11,2020-12-21,Mon,4:00 PM,8:00 PM
837,2020-05-11,2020-12-21,Thu,4:00 PM,8:00 PM
838,2021-05-01,2021-05-01,Wed,9:00 AM,3:00 PM
839,2021-05-01,2021-05-01,Sat,9:00 AM,3:00 PM
840,2021-06-02,2021-06-02,Wed,8:00 AM,11:00 AM
841,2018-05-01,2018-12-11,Tue,3:00 AM,6:00 PM
842,2018-05-01,2018-12-11,Sat,9:00 AM,12:00 PM
843,2018-11-06,2018-12-11,Tue,3:00 PM,5:30 PM
844,2018-05-26,2018-09-29,Sat,8:00 AM,12:00 PM
845,2021-06-08,2021-06-08,Tue,11:00 AM,2:00 PM
846,2021-06-18,2021-06-18,Fri,5:00 PM,8:00 PM
847,2021-07-16,2021-07-16,Fri,5:00 PM,8:00 PM
848,2021-08-20,2021-08-20,Fri,5:00 PM,8:00 PM
849,2018-06-24,2018-10-14,Sun,10:00 AM,2:00 PM
850,2020-11-07,2020-11-07,Sat,9:30 AM,12:00 PM
851,2021-05-01,2021-05-01,Sat,8:30 AM,12:00 PM
852,2018-03-24,2018-12-22,Sat,9:00 AM,1:00 PM
853,2018-06-20,2018-08-29,Wed,10:00 AM,2:00 PM
854,2020-05-30,2020-09-01,Wed,2:00 PM,5:00 PM
855,2020-05-30,2020-09-01,Sat,10:00 AM,3:00 PM
856,2020-06-13,2020-10-10,Sat,8:00 AM,1:00 PM
857,2020-05-02,2020-11-21,Sat,9:00 AM,1:00 PM
858,2020-05-03,,Sun,11:00 AM,2:00 PM
859,2022-06-15,2022-06-15,Wed,4:00 PM,7:00 PM
860,2022-05-07,2022-05-07,Sat,9:00 AM,1:00 PM
861,2018-06-01,2018-10-27,Sat,9:00 AM,12:00 PM
862,2020-04-18,2020-10-31,Tue,7:00 AM,1:00 PM
863,2020-04-18,2020-10-31,Sat,7:00 AM,1:00 PM
864,2016-06-12,2016-06-12,Sun,1:00 PM,5:00 PM
865,2019-04-06,2019-12-14,Sat,8:00 AM,12:00 PM
866,2019-05-01,2019-11-01,Sat,9:00 AM,1:00 PM
867,2021-12-04,2021-12-04,Sat,10:00 AM,1:00 PM
868,2021-04-07,2021-04-07,Wed,3:00 PM,6:00 PM
869,2021-01-01,2021-01-01,Sun,9:00 AM,1:00 PM
870,2018-12-09,2018-12-09,Sun,11:00 AM,1:00 PM
871,2021-05-06,2021-05-06,Thu,11:00 AM,3:00 PM
872,2021-05-29,2021-05-29,Sat,8:00 AM,1:00 PM
873,2019-03-06,2019-10-30,Wed,5:00 PM,8:00 PM
874,2021-01-01,2021-01-01,Mon,9:00 AM,5:00 PM
875,2021-01-01,2021-01-01,Tue,9:00 AM,5:00 PM
876,2021-01-01,2021-01-01,Wed,9:00 AM,5:00 PM
877,2021-01-01,2021-01-01,Thu,9:00 AM,5:00 PM
878,2021-01-01,2021-01-01,Fri,9:00 AM,5:00 PM
879,2021-01-01,2021-01-01,Sat,9:00 AM,3:00 PM
880,2019-05-17,2019-09-20,Fri,4:30 PM,8:30 PM
881,2022-05-15,2022-05-15,Sun,9:30 AM,1:00 PM
882,2022-11-22,2022-11-22,Tue,6:30 PM,8:30 PM
883,2016-06-02,2016-09-29,Thu,4:30 PM,6:30 PM
884,2020-12-01,,Sat,9:00 AM,1:00 PM
885,2021-05-20,2021-05-20,Thu,10:00 AM,4:00 PM
886,2020-04-01,2020-11-01,Mon,8:00 AM,4:00 PM
887,2020-04-01,2020-11-01,Tue,8:00 AM,4:00 PM
888,2020-04-01,2020-11-01,Wed,8:00 AM,4:00 PM
889,2020-04-01,2020-11-01,Thu,8:00 AM,4:00 PM
890,2020-04-01,2020-11-01,Fri,8:00 AM,4:00 PM
891,2020-04-01,2020-11-01,Sat,8:00 AM,4:00 PM
892,2018-05-12,2018-10-13,Sat,8:00 AM,12:00 PM
893,2018-05-05,2018-10-27,Sun,6:00 AM,1:00 PM
894,2018-06-06,2018-10-31,Wed,6:00 AM,1:00 PM
895,2021-07-03,2021-07-03,Sat,10:00 AM,2:00 PM
896,2020-06-06,2020-10-31,[],,
897,2015-06-01,2015-10-31,Wed,2:00 PM,6:00 PM
898,2015-06-01,2015-10-31,Sat,9:00 AM,1:00 PM
899,2020-05-23,2020-10-17,Wed,5:00 PM,7:00 PM
900,2020-05-23,2020-10-17,Sat,8:30 AM,11:30 AM
901,2018-06-30,2018-10-27,Sat,8:00 AM,4:00 PM
902,2018-11-03,2018-12-08,Sat,8:00 AM,1:00 PM
903,2018-05-05,2018-09-29,Sat,9:00 AM,2:00 PM
904,2018-07-25,2018-09-12,Wed,3:00 PM,5:30 PM
905,2018-08-11,2018-09-15,Sat,9:00 AM,12:00 PM
906,2018-05-01,2018-09-04,Tue,1:00 PM,5:00 PM
907,2017-06-01,2017-10-28,Thu,2:00 PM,6:00 PM
908,2017-06-01,2017-10-28,Sat,9:00 AM,1:00 PM
909,2020-06-29,2020-10-02,Mon,3:00 PM,5:00 PM
910,2020-06-29,2020-10-02,Wed,12:00 AM,2:00 PM
911,2020-06-29,2020-10-02,Fri,11:00 AM,2:00 PM
912,2018-04-07,2018-10-01,Wed,3:30 PM,6:30 PM
913,2018-04-07,2018-10-01,Sat,9:00 AM,12:00 PM
914,2018-11-03,2018-12-22,Sat,10:00 AM,1:00 PM
915,2018-11-03,2019-03-30,Sat,10:00 AM,1:00 PM
916,2021-06-17,2021-06-17,Thu,2:30 PM,5:30 PM
917,2018-04-07,2018-12-22,Sat,7:30 AM,12:00 PM
918,2021-05-27,2021-05-27,Thu,11:00 AM,3:00 PM
919,2020-05-02,2020-10-31,Sat,8:00 AM,12:30 PM
920,2020-05-28,2020-10-08,Tue,10:00 AM,2:00 PM
921,2020-05-28,2020-10-08,Thu,2:00 PM,6:00 PM
922,2018-08-25,2018-08-25,Sat,9:00 AM,1:00 PM
923,2019-01-01,2019-12-31,Thu,9:00 AM,10:00 AM
924,2018-03-01,2018-11-30,Wed,8:00 AM,1:30 PM
925,2018-12-01,2019-02-28,Wed,9:00 AM,1:30 PM
926,2020-05-02,2020-11-21,Tue,8:00 AM,1:00 PM
927,2020-05-02,2020-11-21,Thu,2:00 AM,6:00 PM
928,2020-05-02,2020-11-21,Sat,7:00 AM,2:00 PM
929,2019-01-01,2019-12-31,Sat,10:00 AM,11:00 AM
930,2019-01-01,2019-12-31,Sat,6:30 AM,7:30 AM
931,2021-01-01,2021-01-01,Sat,7:30 AM,1:00 PM
932,2019-01-01,2019-12-31,Thu,10:30 AM,11:30 AM
933,2019-01-01,2019-12-31,Sun,7:00 AM,8:30 AM
934,2019-01-01,2019-12-31,Sat,8:00 AM,9:30 AM
935,2022-06-10,2022-06-10,Fri,10:00 AM,2:00 PM
936,2021-05-08,2021-05-08,Sat,10:00 AM,2:00 PM
937,2020-10-17,2020-10-17,Sat,9:00 AM,2:30 PM
938,2022-05-14,2022-05-14,Sat,9:00 AM,2:00 PM
939,2021-11-06,2021-11-06,Sat,10:00 AM,2:00 PM
940,2022-06-16,2022-06-16,Thu,4:30 PM,7:30 PM
941,2021-04-03,2021-04-03,Sat,9:00 AM,12:00 PM
942,2021-05-05,2021-05-05,Wed,11:00 AM,1:00 PM
943,2018-04-28,2018-10-27,Sat,8:00 AM,12:00 PM
944,2019-01-01,2019-04-27,Sat,10:00 AM,2:00 PM
945,2019-05-11,2019-11-17,Sat,9:00 AM,2:00 PM
946,2019-05-03,2019-10-25,Fri,4:00 PM,7:00 PM
947,2020-04-01,2020-10-08,Thu,3:00 PM,7:00 PM
948,2018-07-23,2018-09-24,Mon,5:00 PM,7:00 PM
949,2021-06-06,2021-06-06,Sun,10:00 AM,2:00 PM
950,2021-05-01,2021-05-01,Fri,7:00 AM,7:00 PM
951,2020-05-28,2020-10-29,Thu,4:00 PM,7:00 PM
952,2020-11-20,2020-12-18,Fri,3:00 PM,5:00 PM
953,2020-01-01,2020-12-31,Sun,9:00 AM,3:00 PM
954,2021-01-01,2021-01-01,Thu,2:00 PM,7:00 PM
955,2019-07-09,2019-11-12,Tue,8:00 AM,3:00 PM
956,2020-07-07,2020-11-17,Tue,8:00 AM,2:00 PM
957,2019-04-06,2019-11-30,Wed,8:00 AM,5:00 PM
958,2019-04-06,2019-11-30,Sat,8:00 AM,3:00 PM
959,2019-06-28,,Fri,4:00 PM,8:00 PM
960,2019-06-01,2019-08-31,Sat,7:00 AM,12:00 PM
961,2018-06-05,2018-09-25,Tue,3:00 PM,7:00 PM
962,2021-05-08,2021-05-08,Sat,8:30 AM,1:30 PM
963,2018-06-27,2018-10-17,Wed,2:00 PM,6:00 PM
964,2020-05-12,2020-10-20,Tue,8:00 AM,12:30 PM
965,2020-05-08,2020-10-23,Fri,8:00 AM,12:30 PM
966,2018-01-01,2018-12-31,Wed,9:00 AM,2:00 PM
967,2021-06-10,2021-06-10,Thu,5:30 PM,7:30 PM
968,2019-07-11,2019-09-26,Thu,10:00 AM,2:00 PM
969,2020-02-09,2020-08-30,Sun,9:00 AM,12:00 PM
970,2018-05-16,2018-10-31,Wed,3:30 PM,6:30 PM
971,2018-06-02,2018-09-29,Sat,9:00 AM,12:00 PM
972,2022-05-17,2022-05-17,Tue,3:00 PM,6:00 PM
973,2021-02-06,2021-02-06,Sat,10:00 AM,12:00 PM
974,2021-06-05,2021-06-05,Sat,9:00 AM,12:00 PM
975,2019-11-02,2019-12-29,Sat,10:00 AM,5:00 PM
976,2019-11-02,2019-12-29,Sun,10:00 AM,5:00 PM
977,2019-02-02,2019-03-30,Sat,10:00 AM,2:00 PM
978,2019-04-06,2019-10-29,Tue,10:00 AM,3:00 PM
979,2019-04-06,2019-10-29,Sat,9:00 AM,3:00 PM
980,2021-05-15,2021-05-15,Sat,9:00 AM,12:30 PM
981,2019-05-07,2019-09-24,Tue,3:00 PM,6:00 PM
982,2018-05-31,2018-07-26,Thu,5:00 PM,8:00 PM
983,2020-07-11,2020-09-26,Sun,9:00 AM,1:00 PM
984,2021-04-10,2021-04-10,Sat,7:30 AM,11:30 AM
985,2021-05-04,2021-05-04,Tue,4:00 PM,6:00 PM
986,2019-06-04,2019-10-29,Tue,4:00 PM,7:00 PM
987,2021-01-01,2021-01-01,Tue,,8:00 PM
988,2021-01-01,2021-01-01,Fri,12:00 PM,
989,2018-05-04,2018-10-05,Fri,4:00 PM,7:00 PM
990,2021-05-22,2021-05-22,Sat,9:00 AM,12:00 PM
991,2018-01-01,2018-12-31,Sat,10:00 AM,3:00 PM
992,2018-01-01,2018-12-31,Sun,10:00 AM,3:00 PM
993,2021-06-10,2021-06-10,Thu,9:00 AM,1:00 PM
994,2019-04-27,2019-10-26,Tue,9:00 AM,1:00 PM
995,2019-04-27,2019-10-26,Sat,8:00 AM,12:00 PM
996,2018-01-01,2018-12-31,Tue,8:00 AM,2:00 PM
997,2018-01-01,2018-12-31,Sat,8:00 AM,2:00 PM
998,2018-05-04,2018-10-26,Fri,3:30 PM,6:30 PM
999,2018-11-02,2019-04-19,Fri,3:30 AM,6:30 PM
1000,2013-06-20,2013-09-26,Thu,11:00 AM,3:00 PM
1001,2019-06-19,2019-09-04,Wed,5:00 PM,8:00 PM
1002,2020-05-10,2020-10-25,Sun,10:00 AM,2:00 PM
1003,2019-12-15,2020-02-23,Sun,9:00 AM,12:00 PM
1004,2021-06-01,2021-06-01,Tue,2:00 PM,6:30 PM
1005,2019-01-05,2019-04-13,Sat,11:00 AM,2:00 PM
1006,2018-05-19,2018-09-29,Sat,8:00 AM,12:00 PM
1007,2021-05-07,2021-05-07,Fri,4:00 PM,7:00 PM
1008,2018-04-05,2018-11-01,Thu,4:00 PM,5:30 PM
1009,2020-01-01,2020-12-31,Wed,3:00 PM,8:00 PM
1010,2021-06-06,2021-06-06,Sun,11:00 AM,3:00 PM
1011,2020-01-01,2020-03-01,Thu,2:00 PM,6:00 PM
1012,2020-04-01,2020-09-01,Thu,3:00 PM,7:00 PM
1013,2020-10-01,2020-12-01,Thu,2:00 PM,6:00 PM
1014,2019-05-18,2019-09-28,Sat,9:00 AM,1:00 PM
1015,2019-06-15,2019-10-12,Sat,10:00 AM,1:00 PM
1016,2019-10-19,2020-06-13,Sat,10:00 AM,1:00 PM
1017,2018-06-25,2018-09-24,Mon,3:00 PM,6:00 PM
1018,2021-04-17,2021-04-17,Thu,8:00 AM,11:00 AM
1019,2021-04-17,2021-04-17,Sat,8:00 AM,11:00 AM
1020,2021-05-06,2021-05-06,Thu,10:00 AM,3:00 PM
1021,2019-05-29,2019-09-18,Wed,4:30 PM,7:30 PM
1022,2021-07-10,2021-07-10,Sat,9:00 AM,2:00 PM
1023,2020-06-02,2020-10-24,Tue,3:00 PM,6:00 PM
1024,2020-06-02,2020-10-24,Sat,7:30 AM,12:00 PM
1025,2019-05-05,2019-11-17,Sun,9:00 AM,1:00 PM
1026,2021-12-11,2021-12-11,Sat,10:00 AM,12:00 PM
1027,2021-05-19,2021-05-19,Wed,3:00 PM,6:00 PM
1028,2021-05-04,2021-05-04,Tue,3:00 PM,6:30 PM
1029,2020-06-11,2020-10-15,Thu,3:30 PM,7:00 PM
1030,2022-06-09,2022-06-09,Thu,10:00 AM,3:00 PM
1031,2021-01-01,2021-01-01,Sat,11:00 AM,4:00 PM
1032,2018-06-02,2018-10-27,Sat,8:00 AM,2:00 PM
1033,2018-05-01,2018-10-31,Sat,9:00 AM,1:00 PM
1034,2012-09-01,,Fri,3:00 PM,7:00 PM
1035,2019-06-02,2019-09-01,Sun,10:00 AM,2:00 PM
1036,2019-01-01,2019-12-31,Sun,9:00 AM,1:00 PM
1037,2021-01-01,2021-12-31,Tue,7:00 AM,2:00 PM
1038,2021-01-01,2021-12-31,Wed,7:00 AM,2:00 PM
1039,2021-01-01,2021-12-31,Thu,7:00 AM,2:00 PM
1040,2021-01-01,2021-12-31,Fri,7:00 AM,2:00 PM
1041,2021-01-01,2021-12-31,Sat,7:00 AM,2:00 PM
1042,2019-06-01,2019-09-28,Sat,10:00 AM,2:00 PM
1043,2020-06-04,2020-08-13,Thu,8:30 AM,12:30 PM
1044,2018-05-12,2018-10-06,Sat,8:00 AM,12:00 PM
1045,2018-07-10,2018-10-09,Tue,9:00 AM,12:30 PM
1046,2018-05-31,2018-10-25,Thu,2:00 PM,7:00 PM
1047,2019-06-01,2019-09-28,Sat,9:00 AM,2:00 PM
1048,2021-05-14,2021-05-14,Fri,3:00 PM,7:00 PM
1049,2019-01-01,2019-02-23,Sat,8:00 AM,12:00 PM
1050,2019-11-09,2020-02-29,Sat,8:00 AM,12:00 PM
1051,2020-07-04,2020-09-26,Sat,8:00 AM,11:00 AM
1052,2020-10-03,2020-11-21,Sat,8:00 AM,12:00 PM
1053,2021-06-12,2021-09-25,Tue,8:00 AM,12:00 PM
1054,2021-06-12,2021-09-25,Sat,8:00 AM,12:00 PM
1055,2021-05-20,2021-05-20,Thu,3:00 PM,6:00 PM
1056,2020-06-03,2020-10-28,Wed,4:00 PM,8:00 PM
1057,2018-05-01,2018-09-25,Tue,4:30 PM,6:00 PM
1058,2021-11-06,2021-11-06,Sat,11:00 AM,1:00 PM
1059,2021-01-01,2021-01-01,Sat,11:00 AM,1:00 PM
1060,2020-06-20,2020-09-26,Sat,9:00 AM,12:00 PM
1061,2021-06-03,2021-06-03,Thu,7:00 AM,1:00 PM
1062,2019-01-01,2019-12-31,Mon,8:30 AM,9:30 AM
1063,2020-07-01,2020-08-19,Wed,4:30 PM,7:30 PM
1064,2018-06-20,2018-09-05,Wed,4:00 PM,7:00 PM
1065,2019-05-25,2019-10-05,Sat,8:00 AM,1:00 PM
1066,2018-05-16,2018-09-26,Wed,4:00 PM,6:00 PM
1067,2019-01-01,2019-12-31,Mon,6:30 AM,7:30 AM
1068,2018-04-28,2018-10-27,Sat,8:00 AM,1:00 PM
1069,2018-06-16,2018-09-29,Wed,8:30 AM,11:30 AM
1070,2018-06-16,2018-09-29,Sat,8:30 AM,11:30 AM
1071,2021-07-13,2021-07-13,Tue,4:00 PM,6:00 PM
1072,2021-06-11,2021-06-11,Fri,4:00 PM,7:00 PM
1073,2020-07-11,2020-09-26,Sat,9:00 AM,2:00 PM
1074,2018-01-01,2018-12-31,Sun,12:00 PM,3:00 PM
1075,2021-06-02,2021-06-02,Wed,3:00 PM,6:00 PM
1076,2018-05-10,2018-10-11,Thu,4:00 PM,7:00 PM
1077,2019-05-30,2019-07-25,Thu,4:00 PM,8:00 PM
1078,2021-05-01,2021-05-01,Sat,10:00 AM,3:00 PM
1079,2020-04-25,2020-07-11,Sat,7:30 AM,12:00 PM
1080,2020-10-10,2020-11-21,Sat,7:30 AM,12:00 PM
1081,2018-07-18,2018-09-26,Wed,3:00 PM,7:00 PM
1082,2020-05-28,2020-07-09,Thu,3:00 PM,6:00 PM
1083,2018-01-01,2018-12-31,Mon,4:00 PM,6:00 PM
1084,2020-05-22,2020-07-24,Fri,9:00 AM,12:00 PM
1085,2021-06-02,2021-06-02,Wed,9:30 AM,1:30 PM
1086,2018-06-07,2018-10-25,Thu,3:00 PM,7:00 PM
1087,2021-06-01,2021-06-01,Tue,4:00 PM,6:30 PM
1088,2020-05-01,2020-09-30,Thu,10:00 AM,3:00 PM
1089,2021-05-01,2021-05-01,Wed,11:00 AM,1:00 PM
1090,2020-05-15,2020-10-09,Fri,11:00 AM,5:00 PM
1091,2020-05-02,2020-11-28,Sun,8:00 AM,12:00 PM
1092,2021-10-23,2021-10-23,Sat,10:00 AM,2:00 PM
1093,2019-06-06,2019-08-22,Thu,5:30 PM,7:30 PM
1094,2018-05-03,2018-10-11,Thu,4:30 PM,7:30 PM
1095,2021-04-17,2021-04-17,Sat,8:30 AM,11:30 PM
1096,2019-07-13,2019-09-28,Sat,9:00 AM,1:00 PM
1097,2018-07-14,2018-10-13,Sat,10:00 AM,1:00 PM
1098,2018-07-12,2018-08-23,Thu,12:00 PM,5:00 PM
1099,2021-01-01,2021-01-01,Mon,8:30 AM,6:00 PM
1100,2021-01-01,2021-01-01,Tue,8:30 AM,6:00 PM
1101,2021-01-01,2021-01-01,Wed,8:30 AM,6:00 PM
1102,2021-01-01,2021-01-01,Thu,8:30 AM,6:00 PM
1103,2021-01-01,2021-01-01,Fri,8:30 AM,6:00 PM
1104,2021-01-01,2021-01-01,Sat,8:30 AM,3:00 PM
1105,2021-01-01,2021-01-01,Sun,12:00 PM,3:00 PM
1106,2019-06-04,2019-08-27,Tue,5:00 PM,8:00 PM
1107,2020-05-02,2020-10-31,Tue,2:00 PM,6:00 PM
1108,2020-05-02,2020-10-31,Sat,7:00 AM,12:00 PM
1109,2019-05-01,2019-12-18,Wed,8:00 AM,12:00 PM
1110,2020-06-01,2020-10-31,Thu,3:30 AM,6:30 PM
1111,2019-05-03,2019-11-15,Fri,8:00 AM,12:00 PM
1112,2020-05-02,2020-10-17,Tue,11:00 AM,2:00 PM
1113,2020-05-02,2020-10-17,Sat,9:00 AM,12:00 PM
1114,2019-06-06,2019-10-17,Thu,3:00 PM,7:00 PM
1115,2019-11-24,2019-11-24,Sun,10:00 AM,2:00 PM
1116,2018-04-16,,Mon,9:00 AM,4:00 PM
1117,2018-04-16,,Tue,9:00 AM,4:00 PM
1118,2018-04-16,,Wed,9:00 AM,4:00 PM
1119,2018-04-16,,Thu,9:00 AM,4:00 PM
1120,2018-04-16,,Fri,9:00 AM,4:00 PM
1121,2020-05-16,2020-10-17,Sat,8:00 AM,1:00 PM
1122,2020-05-02,2020-10-31,Sat,10:00 AM,1:00 PM
1123,2020-05-15,2020-10-30,Tue,10:00 AM,1:00 PM
1124,2020-05-15,2020-10-30,Fri,4:00 PM,7:00 PM
1125,2021-01-01,2021-12-31,Sun,9:00 AM,1:00 PM
1126,2020-06-06,2020-09-26,Sat,9:00 AM,12:00 PM
1127,2020-10-03,2020-11-14,Sat,9:00 AM,12:00 PM
1128,2018-06-02,2018-10-27,Sat,10:00 AM,2:00 PM
1129,2019-04-13,2019-10-12,Sat,9:00 AM,2:00 PM
1130,2021-05-22,2021-05-22,Sat,9:00 AM,2:00 PM
1131,2018-05-01,2018-10-31,Wed,7:00 AM,12:00 PM
1132,2018-05-01,2018-10-31,Sat,7:00 AM,11:00 AM
1133,2018-05-05,2018-10-27,Wed,9:00 AM,12:30 PM
1134,2018-05-05,2018-10-27,Sat,9:00 AM,12:30 PM
1135,2020-05-06,2020-10-28,Wed,3:00 AM,6:00 PM
1136,2019-05-02,2019-10-17,Thu,4:00 PM,7:00 PM
1137,2021-05-01,2021-05-01,Sat,7:00 AM,1:00 PM
1138,2018-04-21,2018-11-10,Sat,9:00 AM,1:00 PM
1139,2018-11-24,2018-12-08,Sat,9:00 AM,1:00 PM
1140,2013-05-18,2013-10-26,Sat,7:30 AM,12:00 PM
1141,2020-06-01,2020-10-10,Sat,9:00 AM,12:30 PM
1142,2019-01-01,2019-12-31,Tue,11:30 AM,12:30 PM
1143,2020-09-12,2020-12-19,Sat,9:00 AM,11:00 AM
1144,2020-05-16,2020-09-05,Sat,9:00 AM,1:00 PM
1145,2020-06-03,2020-09-30,Wed,11:00 AM,2:00 PM
1146,2018-05-05,2018-09-29,Sat,8:00 AM,1:00 PM
1147,2018-10-06,2018-10-27,Sat,9:00 AM,1:00 PM
1148,2018-11-10,2019-04-27,Sat,10:00 AM,1:00 PM
1149,2021-05-01,2021-05-01,Tue,3:00 PM,6:00 PM
1150,2018-04-20,2018-10-05,Fri,3:00 PM,6:00 PM
1151,2021-11-06,2021-11-06,Sat,8:30 AM,12:30 PM
1152,2019-11-16,2020-04-18,Sat,9:00 AM,12:00 PM
1153,2020-05-02,2020-10-31,Sat,8:00 AM,12:00 PM
1154,2021-07-03,2021-07-03,Sat,9:00 AM,2:00 PM
1155,2020-03-26,2020-11-19,Thu,3:00 PM,7:00 PM
1156,2018-06-07,2018-09-27,Thu,4:30 PM,8:00 PM
1157,2018-05-05,2018-10-27,Sat,8:00 AM,12:30 PM
1158,2018-06-19,2018-09-25,Tue,5:30 PM,7:00 PM
1159,2018-05-14,2018-10-08,Mon,7:00 AM,11:30 AM
1160,2021-01-01,2021-01-01,Tue,7:00 AM,12:00 PM
1161,2021-01-01,2021-01-01,Sat,7:00 AM,12:00 PM
1162,2021-06-15,2021-06-15,Tue,3:00 PM,7:00 PM
1163,2021-06-15,2021-06-15,Sat,7:00 AM,1:00 PM
1164,2021-05-01,2021-05-01,Wed,1:00 AM,3:00 PM
1165,2021-11-13,2021-11-13,Sat,9:00 AM,12:00 PM
1166,2020-05-03,2020-10-25,Sun,10:00 AM,2:00 PM
1167,2020-06-01,2020-08-17,Mon,3:00 PM,6:00 PM
1168,2020-06-20,2020-10-14,Wed,7:00 AM,12:00 PM
1169,2020-06-20,2020-10-14,Sat,7:00 AM,12:00 PM
1170,2018-05-03,2018-10-04,Thu,4:00 PM,7:00 PM
1171,2019-05-11,2019-10-26,Sat,9:00 AM,1:00 PM
1172,2019-11-02,2019-12-21,Sat,10:00 AM,1:00 PM
1173,2020-01-04,2020-05-02,Sat,10:00 AM,1:00 PM
1174,2021-05-20,2021-05-20,Thu,4:00 PM,8:00 PM
1175,2019-05-01,2019-10-30,Wed,2:00 PM,7:00 PM
1176,2018-06-01,2018-09-01,Thu,11:00 AM,1:00 PM
1177,2020-05-09,2020-10-10,Sat,9:00 AM,1:00 PM
1178,2020-05-05,2020-09-29,Tue,3:00 PM,7:00 PM
1179,2020-10-24,2020-12-19,Sat,9:00 AM,12:30 PM
1180,2020-05-06,2020-10-28,Wed,12:00 PM,4:00 PM
1181,2022-01-01,2022-01-01,Sun,8:00 AM,11:30 AM
1182,2021-12-05,2021-12-05,Sun,10:00 AM,1:00 PM
1183,2020-01-01,2020-12-31,Sat,2:30 PM,5:30 PM
1184,2018-05-05,2018-10-27,Sat,8:00 AM,1:00 PM
1185,2020-06-02,2020-10-27,Tue,12:00 PM,5:00 PM
1186,2018-01-01,2018-12-31,Sat,9:00 AM,12:30 PM
1187,2021-04-06,2021-04-06,Tue,3:30 PM,7:00 PM
1188,2021-06-01,2021-06-01,Wed,10:00 AM,1:00 PM
1189,2021-06-01,2021-06-01,Sat,10:00 AM,1:00 PM
1190,2021-06-17,2021-06-17,Thu,2:00 PM,6:00 PM
1191,2021-06-19,2021-06-19,Sat,9:00 AM,2:00 PM
1192,2021-05-06,2021-05-06,Thu,7:30 AM,2:00 PM
1193,2021-06-05,2021-06-05,Wed,4:00 PM,7:00 PM
1194,2014-01-01,2014-01-01,Wed,3:30 PM,6:00 PM
1195,2021-06-26,2021-06-26,Sat,9:30 AM,2:30 PM
1196,2021-01-01,2021-12-31,Sat,4:00 PM,7:00 PM
1197,2018-05-29,2018-10-02,Tue,4:00 PM,7:00 PM
1198,2018-01-01,2018-12-31,Mon,10:30 AM,5:30 PM
1199,2019-04-13,2019-10-26,Sat,9:00 AM,12:00 PM
1200,2019-11-16,2020-04-04,Sat,7:00 AM,10:30 AM
1201,2020-01-04,2020-12-26,Sat,8:00 AM,12:00 PM
1202,2020-04-07,2020-10-27,Tue,8:00 AM,12:00 PM
1203,2020-05-16,2020-10-31,Sat,10:00 AM,1:00 PM
1204,2021-06-05,2021-06-05,Tue,3:00 PM,6:00 PM
1205,2020-11-07,2020-11-07,Sat,9:00 AM,1:00 PM
1206,2022-06-22,2022-06-22,Wed,3:00 PM,5:00 PM
1207,2022-06-22,2022-06-22,Sat,8:00 AM,1:00 PM
1208,2021-10-03,2021-10-03,Sun,10:00 AM,4:00 PM
1209,2018-05-27,2018-11-18,Sun,12:00 PM,4:00 PM
1210,2020-05-02,2020-10-03,Sat,9:00 AM,12:00 PM
1211,2020-07-06,2020-10-26,Mon,3:00 PM,6:00 PM
1212,2020-05-03,2020-10-25,Sun,9:00 AM,2:00 PM
1213,2020-11-28,2020-11-28,Sat,10:00 AM,3:00 PM
1214,2019-06-03,2019-10-28,Mon,2:00 PM,6:00 PM
1215,2019-06-01,2019-10-26,Sat,10:00 AM,2:00 PM
1216,2019-06-06,2019-10-24,Thu,2:00 PM,6:00 PM
1217,2018-11-15,2019-05-30,Thu,2:00 PM,5:30 PM
1218,2018-11-15,2019-05-30,Sat,10:00 AM,2:00 PM
1219,2021-01-01,2021-01-01,Wed,10:00 AM,1:00 PM
1220,2021-06-22,2021-06-22,Tue,4:00 PM,7:00 PM
1221,2019-05-10,2019-10-18,Fri,3:00 PM,6:30 PM
1222,2020-06-01,2020-09-30,Wed,5:00 PM,7:30 PM
1223,2021-04-23,2021-04-23,Sat,9:00 AM,12:00 PM
1224,2021-04-22,2021-04-22,Thu,3:00 PM,6:00 PM
1225,2018-06-27,2018-10-31,Wed,11:00 AM,2:00 PM
1226,2018-05-16,2018-10-17,Wed,4:00 PM,7:00 PM
1227,2021-02-18,2021-02-18,Tue,3:00 PM,6:00 PM
1228,2021-02-18,2021-02-18,Thu,12:00 PM,3:00 PM
1229,2021-06-12,2021-06-12,Sat,9:00 AM,2:00 PM
1230,2022-07-07,2022-07-07,Thu,5:00 PM,7:00 PM
1231,2018-04-28,,[],,
1232,2020-06-01,2020-09-30,Tue,4:30 PM,6:30 PM
1233,2020-06-01,2020-09-30,Thu,4:30 PM,6:30 PM
1234,2021-02-11,2021-02-11,Thu,1:00 PM,4:00 PM
1235,2021-05-13,2021-05-13,Thu,1:00 PM,4:00 PM
1236,2020-01-01,2020-12-31,Thu,3:00 PM,7:00 PM
1237,2021-07-10,2021-07-10,Sat,8:00 AM,12:00 PM
1238,2020-06-03,2020-12-16,Wed,3:00 PM,6:00 PM
1239,2021-05-05,2021-05-05,Wed,3:00 PM,6:00 PM
1240,2019-06-20,2019-09-19,Thu,2:00 PM,6:00 PM
1241,2019-06-05,2019-09-25,Wed,3:00 PM,6:00 PM
1242,2021-06-03,2021-06-03,Thu,4:00 PM,7:00 PM
1243,2018-05-18,2018-10-30,Tue,4:00 PM,6:30 PM
1244,2018-05-18,2018-10-30,Fri,4:00 PM,6:30 PM
1245,2018-06-02,2018-11-10,Sat,8:00 AM,1:00 PM
1246,2018-06-02,2018-11-10,Sun,10:00 AM,3:00 PM
1247,2021-05-07,2021-05-07,Fri,10:00 AM,3:00 PM
1248,2015-07-11,2015-07-11,Sat,11:00 AM,2:00 PM
1249,2020-05-23,2020-11-21,Sat,8:00 AM,12:00 PM
1250,2018-05-01,2018-10-31,Mon,8:00 AM,6:00 PM
1251,2018-05-01,2018-10-31,Tue,8:00 AM,6:00 PM
1252,2018-05-01,2018-10-31,Wed,8:00 AM,6:00 PM
1253,2018-05-01,2018-10-31,Thu,8:00 AM,6:00 PM
1254,2018-05-01,2018-10-31,Fri,8:00 AM,6:00 PM
1255,2018-05-01,2018-10-31,Sat,8:00 AM,6:00 PM
1256,2019-05-14,2019-09-17,Tue,3:00 AM,6:30 PM
1257,2021-06-16,2021-06-16,Wed,7:00 AM,1:00 PM
1258,2020-05-16,2020-10-17,Sat,9:00 AM,1:00 PM
1259,2015-05-02,2015-05-02,Wed,9:00 AM,1:00 PM
1260,2015-05-02,2015-05-02,Sat,9:00 AM,1:00 PM
1261,2021-06-04,2021-06-04,Fri,9:00 AM,1:00 PM
1262,2018-03-14,2018-10-31,Wed,5:00 PM,9:00 PM
1263,2021-01-01,2021-12-31,Wed,4:00 PM,6:00 PM
1264,2021-05-09,2021-05-09,Sun,8:30 AM,12:30 PM
1265,2021-10-31,2021-10-31,Sun,10:00 AM,1:00 PM
1266,2021-05-06,2021-05-06,Thu,8:00 AM,3:00 PM
1267,2021-01-06,2021-01-06,Mon,12:00 PM,6:00 PM
1268,2021-01-06,2021-01-06,Tue,12:00 PM,6:00 PM
1269,2021-01-06,2021-01-06,Wed,10:00 AM,2:00 PM
1270,2021-01-06,2021-01-06,Thu,12:00 PM,6:00 PM
1271,2021-01-06,2021-01-06,Fri,12:00 PM,4:00 PM
1272,2021-01-06,2021-01-06,Sun,12:00 PM,6:00 PM
1273,2021-01-09,2021-01-09,Sat,11:00 AM,1:00 PM
1274,2020-04-05,2020-12-27,Sun,8:30 AM,1:00 PM
1275,2020-01-05,2020-03-29,Sun,9:00 AM,1:00 PM
1276,2018-06-17,2018-10-28,Sun,9:00 AM,2:00 PM
1277,2018-06-02,2018-10-01,Sat,9:00 AM,3:00 PM
1278,2019-06-08,2019-10-01,Sat,9:00 AM,2:00 PM
1279,2020-06-06,2020-10-01,Sat,9:00 AM,2:00 PM
1280,2021-01-01,2021-01-01,Sun,2:00 PM,5:00 PM
1281,2019-05-01,2019-11-13,Wed,8:00 AM,12:00 PM
1282,2017-06-07,2017-08-30,Wed,4:00 PM,7:30 PM
1283,2018-07-06,2018-09-07,Fri,3:00 PM,7:30 PM
1284,2019-01-01,2019-12-31,Sat,9:00 AM,2:00 PM
1285,2018-01-01,2018-12-31,Wed,4:00 PM,8:00 PM
1286,2020-06-24,2020-09-30,Wed,8:00 AM,1:00 PM
1287,2021-05-15,2021-05-15,Sat,9:00 AM,12:00 PM
1288,2021-05-20,2021-05-20,Thu,4:00 PM,7:00 PM
1289,2019-06-04,2019-09-24,Tue,10:00 AM,2:00 PM
1290,2021-05-12,2021-05-12,Wed,8:00 AM,12:00 PM
1291,2021-05-12,2021-05-12,Sat,8:00 AM,12:00 PM
1292,2021-01-01,2021-01-01,Tue,3:00 PM,7:00 PM
1293,2020-01-01,2020-12-31,Tue,3:00 PM,8:00 PM
1294,2020-01-01,2020-12-31,Fri,8:00 AM,2:00 PM
1295,2019-01-01,2019-12-31,Wed,8:00 AM,9:00 AM
1296,2020-04-01,,Sat,9:00 AM,1:00 PM
1297,2019-04-04,2019-10-27,Thu,10:00 AM,3:00 PM
1298,2019-04-04,2019-10-27,Fri,10:00 AM,3:00 PM
1299,2019-04-04,2019-10-27,Sat,10:00 AM,3:00 PM
1300,2019-04-04,2019-10-27,Sun,10:00 AM,3:00 PM
1301,2019-11-02,2019-12-29,Sat,10:00 AM,3:00 PM
1302,2019-11-02,2019-12-29,Sun,10:00 AM,3:00 PM
1303,2020-01-04,2020-03-28,Sat,10:00 AM,3:00 PM
1304,2019-05-05,2019-10-13,Sun,9:00 AM,1:00 PM
1305,2022-04-02,2022-04-02,Sat,9:00 AM,4:00 PM
1306,2021-06-17,2021-06-17,Thu,12:00 PM,6:00 PM
1307,2021-04-10,2021-04-10,Sat,8:30 AM,1:30 PM
1308,2021-04-13,2021-04-13,Tue,9:30 AM,1:30 PM
1309,2021-06-24,2021-06-24,Thu,3:30 PM,7:00 PM
1310,2021-11-18,2021-11-18,Thu,3:30 PM,7:00 PM
1311,2020-09-06,2020-09-06,Sun,10:00 AM,3:00 PM
1312,2021-09-05,2021-09-05,Sun,10:00 AM,3:00 PM
1313,2020-05-09,2020-12-26,Sat,9:00 AM,1:00 PM
1314,2018-01-01,2018-12-31,Thu,8:00 AM,1:00 PM
1315,2019-06-04,2019-10-01,Tue,11:00 AM,3:00 PM
1316,2018-06-02,2018-10-27,Sat,8:00 AM,12:30 PM
1317,2018-11-03,2019-04-27,Sat,9:00 AM,12:30 PM
1318,2022-06-05,2022-06-05,Sun,9:00 AM,1:00 PM
1319,2020-07-06,2020-09-07,Mon,4:00 PM,6:30 PM
1320,2020-06-19,2020-09-25,Fri,3:00 PM,7:00 PM
1321,2020-05-08,2020-10-31,Wed,8:00 AM,12:00 PM
1322,2020-05-08,2020-10-31,Sat,7:00 AM,12:00 PM
1323,2021-05-04,2021-05-04,Tue,4:00 PM,7:00 PM
1324,2020-01-01,2020-12-31,Thu,9:00 AM,1:30 PM
1325,2019-06-02,2019-09-29,Sun,10:00 AM,2:00 PM
1326,2022-04-16,2022-04-16,Sat,7:30 AM,2:00 PM
1327,2022-05-03,2022-05-03,Tue,3:00 PM,7:00 PM
1328,2021-05-01,2021-05-01,Sat,7:30 AM,11:00 AM
1329,2021-10-02,2021-10-02,Sat,8:30 AM,12:00 PM
1330,2020-01-11,2020-03-28,Sat,9:00 AM,2:00 PM
1331,2022-01-08,2022-01-08,Sat,9:00 AM,1:00 PM
1332,2018-06-25,2018-11-26,Mon,9:00 AM,12:00 PM
1333,2019-01-01,2019-12-31,Wed,6:30 AM,7:30 AM
1334,2018-11-17,2019-03-01,Sat,8:00 AM,12:00 PM
1335,2016-01-01,2016-01-01,Sun,8:00 AM,1:00 PM
1336,2021-06-19,2021-06-19,Sat,6:00 PM,9:00 PM
1337,2018-04-28,2018-10-27,Wed,12:00 PM,4:00 PM
1338,2018-04-28,2018-10-27,Sat,7:00 AM,12:00 PM
1339,2020-01-01,2020-12-31,Sat,11:00 AM,1:00 PM
1340,2021-04-03,2021-04-03,Sat,8:30 AM,1:30 PM
1341,2019-06-15,2019-10-12,Sat,9:00 AM,1:00 PM
1342,2020-07-01,2020-10-28,Wed,3:00 PM,6:00 PM
1343,2017-11-04,2018-04-28,Sat,9:00 AM,1:00 PM
1344,2018-07-10,2018-08-28,Tue,4:00 PM,7:00 PM
1345,2021-11-09,2021-11-09,Tue,3:00 PM,6:00 PM
1346,2022-06-19,2022-06-19,Sun,9:00 AM,1:00 PM
1347,2020-05-01,2020-10-16,Fri,4:30 PM,7:30 PM
1348,2021-06-06,2021-06-06,Sun,9:00 AM,12:00 PM
1349,2020-05-02,2020-11-07,Sat,8:00 AM,2:00 PM
1350,2022-05-07,2022-05-07,Sat,8:00 AM,12:00 PM
1351,2022-05-30,2022-05-30,Mon,7:00 AM,12:00 PM
1352,2022-05-30,2022-05-30,Wed,7:00 AM,12:00 PM
1353,2022-05-30,2022-05-30,Sat,7:00 AM,12:00 PM
1354,2020-05-01,2020-10-16,Fri,4:00 PM,6:30 PM
1355,2020-06-11,2020-08-27,Thu,4:30 PM,8:00 PM
1356,2020-05-09,2020-11-21,Sat,2:00 PM,5:00 PM
1357,2016-06-17,2016-10-21,Fri,3:00 PM,6:00 PM
1358,2018-04-18,2018-10-17,Wed,4:00 PM,7:00 PM
1359,2018-05-01,2018-10-30,Tue,3:00 PM,7:00 PM
1360,2020-01-01,2020-12-31,Mon,2:00 PM,6:00 PM
1361,2018-01-01,2018-12-31,Fri,4:00 PM,7:00 PM
1362,2021-03-01,2021-03-01,Fri,10:00 AM,1:00 PM
1363,2013-01-01,2013-12-31,[],,
1364,2020-04-25,2020-11-21,Sat,9:00 AM,1:30 PM
1365,2022-06-18,2022-06-18,Sat,9:00 AM,12:00 PM
1366,2020-05-30,2020-11-24,Tue,4:30 PM,7:00 PM
1367,2020-05-30,2020-11-24,Sat,9:00 AM,1:00 PM
1368,2021-06-11,2021-06-11,Fri,11:00 AM,1:00 PM
1369,2021-06-11,2021-06-11,Sat,11:00 AM,1:00 PM
1370,2014-01-01,2014-01-01,Sun,8:00 AM,2:00 PM
1371,2018-07-17,2018-11-20,Tue,9:00 AM,5:30 PM
1372,2021-04-17,2021-04-17,Sun,8:00 AM,12:00 PM
1373,2021-06-09,2021-06-09,Wed,4:00 PM,6:00 PM
1374,2018-01-01,2018-12-31,Tue,7:00 AM,2:00 PM
1375,2018-01-01,2018-12-31,Thu,7:00 AM,2:00 PM
1376,2018-01-01,2018-12-31,Sat,7:00 AM,2:00 PM
1377,2020-06-04,2020-09-24,Thu,2:00 PM,6:00 PM
1378,2020-05-30,2020-09-26,Sat,9:00 AM,1:00 PM
1379,2020-06-01,2020-09-30,Wed,9:00 AM,12:30 PM
1380,2020-05-21,2020-10-01,Thu,3:30 PM,6:30 PM
1381,2020-11-07,2020-12-01,Sat,10:00 AM,2:00 PM
1382,2020-11-07,2020-12-12,Sat,10:00 AM,2:00 PM
1383,2019-01-01,2019-12-31,Wed,8:00 AM,6:00 PM
1384,2019-01-01,2019-12-31,Thu,8:00 AM,6:00 PM
1385,2019-01-01,2019-12-31,Fri,8:00 AM,6:00 PM
1386,2019-05-04,2019-10-26,Sat,8:00 AM,12:00 PM
1387,2019-11-02,2020-04-25,Sun,8:00 AM,12:00 PM
1388,2020-06-01,2020-09-30,Sat,9:00 AM,12:00 PM
1389,2021-01-01,2021-01-01,Sat,9:00 AM,2:00 PM
1390,2019-05-10,2019-10-12,Fri,8:00 AM,1:00 PM
1391,2019-05-10,2019-10-12,Sat,8:00 AM,1:00 PM
1392,2021-04-03,2021-04-03,Sat,8:30 AM,1:00 PM
1393,2021-12-01,2021-12-01,Sat,9:00 AM,11:30 AM
1394,2020-05-09,2020-10-10,Sat,7:30 AM,11:30 AM
1395,2018-06-16,2018-09-29,Sat,9:00 AM,12:00 PM
1396,2019-01-01,2019-12-31,Fri,11:00 AM,12:00 PM
1397,2021-03-24,2021-03-24,Wed,4:00 PM,8:00 PM
1398,2021-06-05,2021-06-05,Sat,7:00 AM,11:00 AM
1399,2021-09-04,2021-09-04,Sat,8:00 AM,12:00 PM
1400,2018-05-11,2018-10-26,Fri,2:00 AM,6:00 PM
1401,2021-05-02,2021-05-02,Sun,10:00 AM,2:00 PM
1402,2021-06-06,2021-06-06,Sun,9:00 AM,2:00 PM
1403,2020-11-07,2020-11-07,Sat,9:00 AM,2:00 PM
1404,2021-04-03,2021-04-03,Sat,8:30 AM,2:00 PM
1405,2021-05-05,2021-05-05,Wed,10:00 AM,2:00 PM
1406,2018-05-05,2018-11-03,Sat,8:00 AM,1:00 PM
1407,2020-06-29,2020-09-28,Mon,4:00 PM,7:00 PM
1408,2021-01-01,2021-01-01,Sat,10:00 AM,1:00 PM
1409,2021-05-01,2021-05-01,Sat,7:30 AM,12:00 PM
1410,2021-01-09,2021-01-09,Sat,10:00 AM,2:00 PM
1411,2018-07-14,2018-10-27,Sat,9:00 AM,1:00 PM
1412,2020-01-01,2020-12-31,Sat,9:00 AM,12:30 PM
1413,2018-07-18,2018-10-31,Wed,4:00 PM,7:00 PM
1414,2021-05-19,2021-05-19,Wed,3:30 PM,6:30 PM
1415,2020-04-04,2020-11-28,Sat,9:00 AM,1:00 PM
1416,2020-12-05,,Sat,10:00 AM,1:00 PM
1417,2021-05-01,2021-05-01,Sun,9:00 AM,1:00 PM
1418,2020-04-18,2020-10-01,Sat,9:00 AM,2:00 PM
1419,2021-03-01,2021-03-01,Sat,8:00 AM,12:00 PM
1420,2019-05-17,2019-10-04,Fri,12:00 PM,6:00 PM
1421,2021-06-03,2021-06-03,Thu,3:00 PM,7:30 PM
1422,2019-01-01,2019-12-31,Wed,10:00 AM,11:00 AM
1423,2018-06-14,2018-09-06,Thu,4:30 PM,7:30 PM
1424,2018-05-09,2018-08-29,Wed,8:00 AM,12:00 PM
1425,2018-05-08,2018-10-27,Tue,4:00 PM,6:00 PM
1426,2018-05-08,2018-10-27,Sat,9:00 AM,12:00 PM
1427,2020-06-27,,Sat,9:00 AM,12:00 PM
1428,2019-06-21,2019-09-13,Fri,3:30 PM,6:00 PM
1429,2013-05-23,2013-05-23,Thu,4:00 PM,6:00 PM
1430,2013-05-23,2013-05-23,Sat,9:00 AM,12:00 PM
1431,2020-05-01,2020-08-18,Tue,8:00 AM,12:00 PM
1432,2020-09-29,2020-12-01,Tue,12:00 PM,
1433,2021-01-09,2021-01-09,Sat,8:00 AM,12:00 PM
1434,2020-01-01,2020-08-01,Thu,8:00 AM,12:00 PM
1435,2019-01-01,2019-12-31,Mon,10:00 AM,6:00 PM
1436,2019-01-01,2019-12-31,Tue,10:00 AM,6:00 PM
1437,2019-01-01,2019-12-31,Wed,10:00 AM,6:00 PM
1438,2019-01-01,2019-12-31,Thu,10:00 AM,6:00 PM
1439,2019-01-01,2019-12-31,Fri,10:00 AM,6:00 PM
1440,2019-01-01,2019-12-31,Sat,10:00 AM,6:00 PM
1441,2019-01-01,2019-12-31,Sun,10:00 AM,6:00 PM
1442,2019-01-01,2019-12-31,Thu,6:00 PM,9:00 PM
1443,2019-01-01,2019-12-31,Sat,8:00 AM,11:00 AM
1444,2015-05-01,2015-10-30,Fri,10:00 AM,3:00 PM
1445,2018-05-05,2018-10-30,Tue,7:00 AM,1:00 PM
1446,2018-05-05,2018-10-30,Thu,7:00 AM,1:00 PM
1447,2018-05-05,2018-10-30,Sat,7:00 AM,1:00 PM
1448,2021-05-30,2021-05-30,Sun,9:00 AM,1:00 PM
1449,2020-05-02,2020-10-31,Sat,7:30 AM,11:30 AM
1450,2020-07-07,2020-08-31,Tue,4:00 PM,6:00 PM
1451,2019-04-20,,Sat,8:00 AM,12:00 PM
1452,2013-05-10,2019-09-27,Fri,4:00 PM,8:00 PM
1453,2020-05-02,2020-05-02,Sat,8:00 AM,12:00 PM
1454,2020-07-07,2020-07-07,Tue,4:00 PM,7:00 PM
1455,2020-11-07,2020-11-07,Sat,10:00 AM,1:00 PM
1456,2020-05-31,2020-10-04,Sun,11:00 AM,2:00 PM
1457,2018-06-01,2018-10-26,Fri,8:30 AM,12:30 PM
1458,2018-05-10,2018-10-04,Thu,3:00 PM,6:00 PM
1459,2021-01-01,2021-01-01,Tue,10:00 AM,2:00 PM
1460,2019-04-13,2019-10-26,Sat,9:00 AM,1:00 PM
1461,2018-08-01,2018-09-15,Thu,5:00 PM,7:00 PM
1462,2021-01-26,2021-01-26,Thu,3:00 PM,7:00 PM
1463,2021-03-04,2021-03-04,Thu,3:00 PM,7:00 PM
1464,2021-12-02,2021-12-02,Thu,3:00 PM,6:30 PM
1465,2019-03-23,2019-11-23,Sat,8:00 AM,1:00 PM
1466,2021-06-05,2021-06-05,Sat,8:30 AM,12:00 PM
1467,2020-06-03,2020-10-07,Wed,2:30 PM,7:00 PM
1468,2018-10-06,2019-07-27,Sat,9:00 AM,1:00 PM
1469,2020-05-31,2020-11-22,Sun,10:00 AM,2:00 PM
1470,2019-05-04,2019-10-05,Sun,9:00 AM,1:00 PM
1471,2019-11-23,,Sat,10:00 AM,2:00 PM
1472,2018-07-07,2018-09-08,Sat,9:00 AM,1:00 PM
1473,2020-06-11,2020-08-27,Thu,4:00 PM,7:00 PM
1474,2020-08-01,2020-10-31,Sat,9:00 AM,1:00 PM
1475,2021-01-01,2021-01-01,Thu,2:00 PM,6:00 PM
1476,2019-05-18,2019-11-23,Sat,9:00 AM,1:00 PM
1477,2021-06-12,2021-06-12,Sun,9:00 AM,1:00 PM
1478,2018-07-07,2018-09-29,Sat,8:30 AM,1:30 PM
1479,2018-06-13,2018-10-03,Wed,3:00 PM,6:30 PM
1480,2019-03-05,2019-11-26,Tue,8:30 AM,1:30 PM
1481,2019-03-07,2019-10-31,Thu,8:30 AM,1:30 PM
1482,2019-05-04,2019-10-26,Sat,8:30 AM,1:00 PM
1483,2019-06-07,2019-08-30,Fri,4:00 PM,7:00 PM
1484,2018-05-26,2018-09-22,Sat,10:00 AM,2:00 PM
1485,2019-05-16,2019-09-26,Thu,4:00 PM,7:00 PM
1486,2019-07-07,2019-10-27,Sun,11:00 AM,3:00 PM
1487,2020-06-16,2020-09-29,Tue,3:00 PM,7:00 PM
1488,2018-04-07,,Sat,8:00 AM,12:00 PM
1489,2020-01-17,,Sun,12:00 PM,2:00 PM
1490,2020-05-13,2020-10-28,Wed,3:00 PM,7:00 PM
1491,2019-05-05,,Sun,10:00 AM,2:00 PM
1492,2019-01-01,2019-12-31,Sun,9:30 AM,11:00 AM
1493,2018-05-17,2018-09-13,Thu,4:00 PM,8:00 PM
1494,2021-06-12,2021-06-12,Wed,12:00 PM,4:00 PM
1495,2021-06-12,2021-06-12,Sat,8:30 AM,12:00 PM
1496,2021-01-01,2021-12-31,Tue,4:00 PM,8:00 PM
1497,2022-06-02,2022-06-02,Thu,3:00 PM,7:00 PM
1498,2021-06-13,2021-06-13,Sun,11:00 AM,3:00 PM
1499,2018-04-14,2018-12-15,Sun,8:00 AM,12:00 PM
1500,2019-11-02,2019-12-07,Sat,9:00 AM,12:00 PM
1501,2018-05-22,2018-10-30,Tue,11:00 AM,5:00 PM
1502,2020-05-26,2020-10-27,Tue,11:00 AM,5:00 PM
1503,2014-01-04,2014-01-04,Sat,9:00 AM,11:00 AM
1504,2021-08-19,2021-08-19,Thu,3:00 PM,7:00 PM
1505,2018-11-04,2019-04-28,Sun,10:00 AM,2:00 PM
1506,2020-11-07,2020-12-31,Sat,9:00 AM,12:00 PM
1507,2022-06-02,2022-06-02,Thu,5:00 PM,8:00 PM
1508,2022-04-02,2022-04-02,Sat,10:00 AM,2:00 PM
1509,2022-10-01,2022-10-01,Sat,10:00 AM,2:00 PM
1510,2019-06-11,2019-10-29,Tue,11:00 AM,3:00 PM
1511,2019-06-05,2019-09-04,Wed,4:00 PM,7:00 PM
1512,2019-01-01,2019-12-31,Sat,11:00 AM,12:00 PM
1513,2021-04-03,2021-04-03,Sat,10:00 AM,1:00 PM
1514,2018-01-01,2018-12-31,Sat,5:00 AM,3:00 PM
1515,2020-06-17,2020-10-28,Wed,2:00 PM,6:00 PM
1516,2020-01-04,2020-12-26,Sat,9:00 AM,1:00 PM
1517,2021-01-01,2021-01-01,Sat,8:30 AM,1:00 PM
1518,2021-03-03,2021-03-03,Wed,8:30 AM,1:00 PM
1519,2020-01-04,2020-12-30,Wed,9:00 AM,1:30 PM
1520,2020-01-04,2020-12-30,Sat,8:30 AM,1:00 PM
1521,2018-05-02,2018-08-22,Wed,5:00 AM,8:30 PM
1522,2018-01-01,2018-12-31,Sat,9:00 AM,1:00 PM
1523,2014-05-03,2014-10-29,Wed,8:00 AM,12:00 PM
1524,2014-05-03,2014-10-29,Sat,7:30 AM,12:00 PM
1525,2018-06-02,2018-09-29,Tue,6:00 AM,1:00 PM
1526,2018-06-02,2018-09-29,Sat,6:00 AM,1:00 PM
1527,2016-06-04,2016-10-15,Sat,9:00 AM,2:00 PM
1528,2018-10-20,2018-12-22,Sat,10:00 AM,2:00 PM
1529,2021-08-07,2021-08-07,Sat,10:00 AM,1:00 PM
1530,2021-06-02,2021-06-02,Wed,4:00 PM,7:00 PM
1531,2022-05-14,2022-05-14,Sat,9:00 AM,12:00 PM
1532,2018-05-19,2018-11-17,Sat,8:00 AM,2:00 PM
1533,2019-05-22,2019-10-30,Wed,3:00 PM,6:00 PM
1534,2020-05-23,2020-09-26,Sat,9:00 AM,1:00 PM
1535,2019-06-05,2019-09-25,Wed,4:00 PM,7:00 PM
1536,2019-06-08,2019-08-31,Sat,9:00 AM,12:00 PM
1537,2018-11-10,2019-04-06,Sat,10:00 AM,2:00 PM
1538,2018-11-17,2019-03-23,Sat,10:00 AM,2:00 PM
1539,2018-03-10,2018-11-10,Sat,9:00 AM,12:00 PM
1540,2022-05-27,2022-05-27,Fri,3:00 PM,6:00 PM
1541,2022-07-08,2022-07-08,Tue,9:00 AM,1:00 PM
1542,2022-06-15,2022-06-15,Wed,2:00 PM,6:00 PM
1543,2020-01-01,2020-04-30,Sat,10:00 AM,12:00 PM
1544,2020-05-01,2020-09-30,Sat,8:00 AM,12:00 PM
1545,2020-10-01,2020-11-25,Sat,9:00 AM,12:00 PM
1546,2020-12-01,2020-12-31,Sat,9:00 AM,12:00 PM
1547,2020-05-01,2020-10-30,Tue,3:00 PM,6:00 PM
1548,2020-05-01,2020-10-30,Fri,3:00 PM,6:00 PM
1549,2019-07-09,,Tue,10:00 AM,2:00 PM
1550,2020-06-16,2020-10-13,Tue,3:00 PM,7:00 PM
1551,2019-05-01,2019-10-31,Wed,7:00 AM,11:00 AM
1552,2019-05-01,2019-10-31,Sat,7:00 AM,11:00 AM
1553,2022-05-07,2022-05-07,Wed,5:00 PM,7:00 PM
1554,2016-06-04,2020-08-01,Sat,9:00 AM,1:00 PM
1555,2021-06-19,2021-06-19,Sat,8:00 AM,12:00 PM
1556,2021-05-01,2021-05-01,Sat,7:00 AM,12:00 PM
1557,2021-06-19,2021-06-19,Wed,3:30 PM,6:00 PM
1558,2021-06-19,2021-06-19,Sat,8:30 AM,12:00 PM
1559,2020-05-16,2020-09-26,Sat,8:00 AM,12:00 PM
1560,2020-06-04,2020-10-24,Thu,5:00 PM,8:00 PM
1561,2020-06-04,2020-10-24,Sat,8:00 AM,12:00 PM
1562,2021-06-05,2021-06-05,Sat,10:00 AM,2:00 PM
1563,2021-06-13,2021-06-13,Sun,9:30 AM,1:00 PM
1564,2020-05-30,2020-10-10,Sat,8:00 AM,1:00 PM
1565,2021-04-17,2021-04-17,Sat,8:00 AM,12:00 PM
1566,2020-01-01,2020-12-31,Sat,9:00 AM,12:00 PM
1567,2020-05-13,2020-10-28,Wed,9:00 AM,12:00 PM
1568,2019-01-01,2019-12-31,Tue,1:00 PM,7:00 PM
1569,2019-01-01,2019-12-31,Sat,8:00 AM,1:30 PM
1570,2018-06-07,2018-10-18,Thu,5:00 PM,8:00 PM
1571,2017-05-02,2019-09-24,Tue,10:00 AM,2:00 PM
1572,2018-01-01,2018-12-31,Fri,11:00 AM,3:30 PM
1573,2020-05-06,2020-10-31,Wed,8:00 AM,1:00 PM
1574,2020-05-06,2020-10-31,Sat,8:00 AM,1:00 PM
1575,2020-06-20,2020-09-26,Sat,10:00 AM,1:00 PM
1576,2020-06-06,2020-10-03,Sat,9:00 AM,12:00 PM
1577,2020-01-01,2020-12-31,Tue,2:30 PM,5:30 PM
1578,2020-04-01,2020-12-01,Mon,8:00 AM,1:00 PM
1579,2020-04-01,2020-12-01,Tue,8:00 AM,1:00 PM
1580,2020-04-01,2020-12-01,Thu,8:00 AM,1:00 PM
1581,2020-04-01,2020-12-01,Fri,8:00 AM,1:00 PM
1582,2020-04-01,2020-12-01,Sat,8:00 AM,1:00 PM
1583,2022-01-01,2022-01-01,Mon,9:00 AM,9:00 PM
1584,2022-01-01,2022-01-01,Tue,9:00 AM,9:00 PM
1585,2022-01-01,2022-01-01,Wed,9:00 AM,9:00 PM
1586,2022-01-01,2022-01-01,Thu,9:00 AM,9:00 PM
1587,2022-01-01,2022-01-01,Fri,9:00 AM,9:00 PM
1588,2022-01-01,2022-01-01,Sat,9:00 AM,5:00 PM
1589,2022-01-01,2022-01-01,Sun,9:00 AM,5:00 PM
1590,2020-07-08,2020-10-07,Wed,2:30 PM,6:00 PM
1591,2020-01-01,2020-12-31,Sat,8:00 AM,1:00 PM
1592,2019-05-25,2019-11-23,Sat,9:00 AM,12:00 PM
1593,2020-07-10,2020-10-17,Fri,10:30 AM,12:30 PM
1594,2020-07-10,2020-10-17,Fri,2:30 PM,4:30 PM
1595,2020-07-10,2020-10-17,Sat,1:30 PM,3:30 PM
1596,2020-07-10,2020-10-17,Sat,10:00 AM,12:00 PM
1597,2020-04-25,2020-10-24,Sat,9:00 AM,3:00 PM
1598,2020-01-01,2020-12-31,Tue,2:00 PM,6:30 PM
1599,2021-12-03,2021-12-03,Fri,9:00 AM,2:00 PM
1600,2019-01-01,2019-12-31,Tue,4:30 PM,6:00 PM
1601,2019-01-01,2019-12-31,Sun,11:00 AM,3:00 PM
1602,2020-05-02,2020-10-27,Tue,2:00 PM,6:00 PM
1603,2021-06-01,2021-06-01,Tue,8:00 AM,1:00 PM
1604,2019-05-01,2019-10-31,Sat,9:00 AM,2:00 PM
1605,2021-06-02,2021-06-02,Wed,2:00 PM,7:00 PM
1606,2018-05-12,2018-10-06,Sat,10:00 AM,2:00 PM
1607,2018-10-13,2018-12-31,Sat,10:00 AM,2:00 PM
1608,2018-05-01,,Sat,8:00 AM,12:00 PM
1609,2021-06-03,2021-06-03,Thu,2:00 PM,7:00 PM
1610,2021-11-11,2021-11-11,Thu,10:00 AM,2:00 PM
1611,2018-05-18,2018-10-26,Fri,2:00 PM,6:00 PM
1612,2020-06-01,2020-11-02,Mon,9:00 AM,1:00 PM
1613,2018-01-01,2018-12-31,Mon,8:00 AM,5:00 PM
1614,2018-01-01,2018-12-31,Tue,8:00 AM,5:00 PM
1615,2018-01-01,2018-12-31,Wed,8:00 AM,5:00 PM
1616,2018-01-01,2018-12-31,Thu,8:00 AM,5:00 PM
1617,2018-01-01,2018-12-31,Fri,8:00 AM,5:00 PM
1618,2018-01-01,2018-12-31,Sat,8:00 AM,5:00 PM
1619,2018-01-01,2018-12-31,Sun,8:00 AM,5:00 PM
1620,2018-06-05,2018-10-02,Tue,3:00 PM,6:00 PM
1621,2018-06-15,2018-10-01,Fri,1:00 PM,4:00 PM
1622,2021-05-06,2021-05-06,Thu,4:00 PM,7:30 PM
1623,2020-05-06,2020-09-09,Wed,2:00 PM,6:00 PM
1624,2019-04-13,2019-12-21,Sat,8:00 AM,1:00 PM
1625,2020-01-11,,Sat,9:00 AM,12:00 PM
1626,2020-04-11,2020-12-19,Sun,8:00 AM,1:00 PM
1627,2021-05-01,2021-05-01,Mon,,1:00 PM
1628,2021-05-01,2021-05-01,Tue,7:00 AM,1:00 PM
1629,2021-05-01,2021-05-01,Thu,7:00 AM,1:00 PM
1630,2013-06-05,2013-10-30,Wed,10:00 AM,2:00 PM
1631,2022-05-01,2022-05-01,Sun,8:00 AM,1:00 PM
1632,2018-05-19,2018-10-27,Sat,9:00 AM,2:00 PM
1633,2021-06-03,2021-06-03,Thu,2:00 PM,6:00 PM
1634,2019-06-07,2019-09-27,Fri,4:00 PM,7:00 PM
1635,2019-04-13,2019-11-23,Sat,8:30 AM,11:30 AM
1636,2018-10-06,2019-05-25,Sat,9:00 AM,2:00 PM
1637,2019-06-01,2019-08-31,Sat,9:00 AM,1:00 PM
1638,2021-01-01,2021-01-01,Sun,8:00 AM,12:00 PM
1639,2018-06-16,2018-10-27,Sat,9:00 AM,1:00 PM
1640,2018-01-01,2018-12-31,Mon,9:00 AM,1:00 PM
1641,2021-06-23,2021-06-23,Wed,3:00 PM,7:00 PM
1642,2018-09-05,2018-11-14,Wed,11:30 AM,2:00 PM
1643,2018-05-07,2018-09-24,Mon,3:00 PM,7:00 PM
1644,2018-10-01,2018-10-29,Mon,3:00 PM,6:00 PM
1645,2021-05-08,2021-05-08,Sat,7:00 AM,12:00 PM
1646,2021-05-05,2021-05-05,Wed,4:00 PM,8:00 PM
1647,2014-01-01,2014-12-31,Mon,,10:00 PM
1648,2014-01-01,2014-12-31,Wed,5:00 PM,6:30 PM
1649,2014-01-01,2014-12-31,Sun,8:00 AM,
1650,2019-06-08,2019-10-05,Sat,9:00 AM,12:30 PM
1651,2020-05-24,2020-10-11,Sun,10:00 AM,2:00 PM
1652,2018-05-05,2018-05-05,Sat,9:00 AM,1:00 PM
1653,2019-06-18,2019-10-08,Tue,4:00 PM,7:00 PM
1654,2018-04-06,2018-11-23,Fri,1:00 AM,6:00 PM
1655,2018-06-10,2018-08-05,Sun,10:00 AM,2:00 PM
1656,2014-10-11,2015-05-23,Sat,9:00 AM,1:00 PM
1657,2021-05-04,2021-05-04,Tue,10:00 AM,3:00 PM
1658,2018-01-01,2018-12-31,Tue,8:00 AM,1:00 PM
1659,2020-06-27,2020-10-03,Sat,9:00 AM,12:00 PM
1660,2019-05-29,2019-10-09,Wed,3:00 PM,7:00 PM
1661,2021-05-15,2021-05-15,Sat,9:00 AM,1:00 PM
1662,2020-11-14,2020-12-12,Sun,9:00 AM,12:00 PM
1663,2020-08-01,2020-10-31,Sat,8:00 AM,12:00 PM
1664,2021-05-08,2021-05-08,Sat,9:30 AM,1:30 PM
1665,2017-10-15,2018-05-20,Sun,12:00 PM,4:00 PM
1666,2020-05-14,2020-10-08,Thu,8:00 AM,1:00 PM
1667,2020-06-06,2020-10-03,Sat,9:00 AM,1:00 PM
1668,2018-05-12,2018-10-27,Sat,8:00 AM,12:30 PM
1669,2020-05-09,2020-10-31,Sat,8:00 AM,12:00 PM
1670,2018-06-04,2018-09-24,Mon,3:00 PM,6:00 PM
1671,2018-06-01,2018-10-12,Fri,10:30 AM,4:00 PM
1672,2022-05-07,2022-05-07,Sat,10:00 AM,3:00 PM
1673,2020-06-03,2020-09-26,Wed,9:00 AM,1:00 PM
1674,2020-06-03,2020-09-26,Sat,9:00 AM,1:00 PM
1675,2020-05-16,2020-10-10,Sat,8:00 AM,12:00 PM
1676,2020-11-07,2020-12-19,Sat,9:00 AM,1:00 PM
1677,2018-05-12,2018-10-20,Sat,8:00 AM,12:00 PM
1678,2018-06-05,2018-08-28,Tue,4:00 PM,7:00 PM
1679,2020-05-02,2020-09-26,Sun,8:30 AM,1:00 PM
1680,2020-01-01,2020-12-31,Fri,12:00 PM,6:00 PM
1681,2018-06-03,2018-09-30,Sun,8:00 AM,1:00 PM
1682,2021-05-02,2021-05-02,Sun,9:00 AM,1:00 PM
1683,2020-07-02,2020-10-29,Thu,4:00 PM,9:00 PM
1684,2019-06-07,2019-09-27,Fri,4:00 PM,8:00 PM
1685,2019-05-25,2019-10-12,Sat,8:00 AM,1:00 PM
1686,2018-05-26,2018-09-26,Wed,11:00 AM,5:00 PM
1687,2019-05-24,2019-09-20,Fri,8:00 AM,3:00 PM
1688,2019-04-27,2019-10-26,Tue,2:30 PM,6:30 PM
1689,2019-04-27,2019-10-26,Sat,2:30 PM,6:30 PM
1690,2020-01-15,2020-12-16,Wed,4:00 PM,7:00 PM
1691,2020-03-01,2020-12-19,Sat,11:00 AM,
1692,2021-01-01,2021-12-31,Sun,10:00 AM,1:00 PM
1693,2018-04-04,2018-11-14,Wed,11:00 AM,3:00 PM
1694,2019-06-15,2019-10-12,Sat,9:30 AM,1:30 PM
1695,2020-06-14,2020-10-25,Sun,10:00 AM,2:00 PM
1696,2021-05-19,2021-05-19,Wed,3:00 PM,7:00 PM
1697,2019-05-08,2019-12-04,Wed,3:00 PM,7:00 PM
1698,2019-05-02,2019-12-05,Thu,3:00 PM,7:00 PM
1699,2019-04-26,2019-12-06,Fri,3:00 PM,7:00 PM
1700,2019-05-01,2019-12-04,Wed,3:00 PM,7:00 PM
1701,2019-04-23,2019-12-03,Tue,3:00 PM,7:00 PM
1702,2021-01-01,2021-01-01,Thu,3:00 PM,7:00 PM
1703,2021-01-01,2021-01-01,Mon,8:00 AM,5:00 PM
1704,2021-01-01,2021-01-01,Tue,8:00 AM,5:00 PM
1705,2021-01-01,2021-01-01,Wed,8:00 AM,5:00 PM
1706,2021-01-01,2021-01-01,Thu,8:00 AM,5:00 PM
1707,2021-01-01,2021-01-01,Fri,8:00 AM,5:00 PM
1708,2021-01-01,2021-01-01,Sat,8:00 AM,5:00 PM
1709,2021-01-01,2021-01-01,Sun,8:00 AM,5:00 PM
1710,2018-11-04,2019-04-28,Sun,9:00 AM,1:00 PM
1711,2018-05-12,2018-10-27,Sat,9:00 AM,1:00 PM
1712,2021-05-06,2021-05-06,Thu,3:30 PM,5:30 PM
1713,2021-11-04,2021-11-04,Thu,4:00 PM,5:00 PM
1714,2018-05-25,2018-09-28,Fri,3:00 PM,6:30 PM
1715,2018-11-03,2018-12-15,Sat,9:00 AM,12:00 PM
1716,2022-05-01,2022-05-01,Sun,9:30 AM,1:00 PM
1717,2018-06-16,2018-08-11,Sat,10:00 AM,1:00 PM
1718,2020-05-02,2020-08-29,Sat,8:00 AM,12:00 PM
1719,2019-01-01,2019-01-01,Thu,9:00 AM,5:00 PM
1720,2019-01-01,2019-01-01,Fri,9:00 AM,7:00 PM
1721,2019-01-01,2019-01-01,Sat,8:00 AM,4:00 PM
1722,2019-01-01,2019-02-28,Thu,9:00 AM,5:00 PM
1723,2019-01-01,2019-02-28,Fri,9:00 AM,5:00 PM
1724,2019-01-01,2019-02-28,Sat,8:00 AM,5:00 PM
1725,2019-06-21,2019-10-25,Fri,3:00 PM,6:00 PM
1726,2018-05-17,2018-10-18,Thu,3:00 PM,6:00 PM
1727,2019-05-16,2019-10-17,Thu,3:00 PM,6:00 PM
1728,2020-06-07,2020-09-27,Sun,9:00 AM,2:00 PM
1729,2020-05-02,2020-10-31,Sat,8:30 AM,2:00 PM
1730,2020-04-01,2020-04-01,Sat,8:00 AM,1:00 PM
1731,2019-01-08,2019-12-29,Tue,10:00 AM,1:30 PM
1732,2020-09-27,2020-11-15,[],,
1733,2021-01-01,2021-01-01,Thu,2:00 AM,5:00 AM
1734,2021-05-30,2021-05-30,Sun,9:00 AM,2:00 PM
1735,2015-06-06,2015-10-03,Sat,8:00 AM,1:00 PM
1736,2020-05-23,2020-10-10,Sat,9:00 AM,1:00 PM
1737,2014-05-10,2014-09-27,Sat,9:00 AM,12:00 PM
1738,2014-06-03,2014-08-26,Tue,4:30 AM,7:00 PM
1739,2018-06-16,2018-10-06,Tue,3:30 PM,6:00 PM
1740,2018-06-16,2018-10-06,Sat,9:00 AM,12:00 PM
1741,2018-05-06,2018-10-28,Sun,9:00 AM,1:30 PM
1742,2021-06-12,2021-06-12,Tue,9:00 AM,1:00 PM
1743,2022-01-02,2022-01-02,Sun,10:00 AM,1:30 PM
1744,2021-05-01,2021-05-01,Sat,8:00 AM,2:00 PM
1745,2020-07-02,2020-10-29,Thu,4:00 PM,6:00 PM
1746,2019-05-30,2019-10-10,Thu,3:00 PM,7:00 PM
1747,2018-05-08,2018-08-28,Tue,8:00 AM,12:00 PM
1748,2021-05-28,2021-05-28,Fri,4:30 PM,6:30 PM
1749,2022-05-07,2022-05-07,Sat,8:30 AM,12:00 PM
1750,2023-01-01,2023-01-01,Sat,12:00 PM,3:00 PM
1751,2022-10-01,2022-10-01,Thu,5:30 PM,8:00 PM
1752,2020-05-09,2020-10-10,Sat,10:00 AM,3:00 PM
1753,2018-07-11,2018-09-26,Wed,4:00 PM,6:00 PM
1754,2020-01-01,2020-12-31,Sun,8:30 AM,2:00 PM
1755,2019-06-04,2019-09-24,Tue,4:00 PM,7:00 PM
1756,2021-05-04,2021-05-04,Tue,10:00 AM,1:00 PM
1757,2018-05-01,2018-10-27,Tue,3:00 PM,6:00 PM
1758,2018-05-01,2018-10-27,Thu,6:00 AM,12:00 PM
1759,2018-05-01,2018-10-27,Sat,6:00 AM,12:00 PM
1760,2019-01-05,2019-12-21,Sat,7:00 AM,12:00 PM
1761,2019-04-16,2019-09-24,Tue,3:00 PM,6:00 PM
1762,2021-01-01,2021-12-31,Sat,8:00 AM,12:00 PM
1763,2018-06-16,2018-10-13,Thu,4:00 PM,7:00 PM
1764,2018-06-16,2018-10-13,Sat,8:00 AM,1:00 PM
1765,2021-06-05,2021-06-05,Mon,7:30 AM,12:00 PM
1766,2021-06-05,2021-06-05,Tue,7:30 AM,12:00 PM
1767,2021-06-05,2021-06-05,Wed,7:30 AM,12:00 PM
1768,2021-06-05,2021-06-05,Thu,7:30 AM,12:00 PM
1769,2021-06-05,2021-06-05,Fri,7:30 AM,12:00 PM
1770,2021-06-05,2021-06-05,Sat,7:30 AM,12:00 PM
1771,2021-10-02,2021-10-02,Wed,9:00 AM,12:00 PM
1772,2021-10-02,2021-10-02,Thu,9:00 AM,12:00 PM
1773,2021-10-02,2021-10-02,Fri,9:00 AM,12:00 PM
1774,2021-06-05,2021-10-30,Tue,2:00 PM,5:00 PM
1775,2021-06-05,2021-10-30,Sat,7:00 AM,1:00 PM
1776,2020-05-01,2020-10-03,Sat,10:00 AM,1:00 PM
1777,2018-05-11,2018-09-28,Fri,3:00 pm,6:00 pm
1778,2018-01-01,2018-01-01,Wed,4:00 PM,7:00 PM
1779,2020-05-20,2020-09-30,Wed,4:00 PM,7:00 PM
1780,2022-05-04,2022-05-04,Wed,2:30 PM,7:00 PM
1781,2021-05-05,2021-05-05,Wed,5:00 PM,8:00 PM
1782,2018-04-04,2018-09-29,Wed,10:00 AM,2:00 PM
1783,2018-04-04,2018-09-29,Sat,8:00 AM,12:00 PM
1784,2018-10-03,2019-03-30,Wed,10:00 AM,2:00 PM
1785,2018-10-03,2019-03-30,Sat,10:00 AM,2:00 PM
1786,2019-05-01,2019-10-30,Wed,3:00 PM,6:00 PM
1787,2019-01-01,2019-12-31,Sat,8:00 AM,12:00 PM
1788,2017-05-27,2017-09-30,Sat,9:00 AM,11:00 AM
1789,2017-10-07,2017-10-28,Sat,9:00 AM,11:00 AM
1790,2017-11-11,2018-04-14,Sat,9:00 AM,11:00 AM
1791,2015-05-01,2015-10-30,Fri,9:00 AM,2:00 PM
1792,2021-06-30,2021-06-30,Wed,8:00 AM,5:00 PM
1793,2021-04-17,2021-04-17,Sat,7:30 AM,1:00 PM
1794,2021-06-02,2021-06-02,Wed,7:30 AM,1:00 PM
1795,2021-06-02,2021-06-02,Sat,7:30 AM,1:00 PM
1796,2021-10-02,2021-10-02,Sat,8:00 AM,1:00 PM
1797,2019-06-08,2019-11-02,Sat,8:00 AM,12:00 PM
1798,2019-11-02,2020-06-06,Sat,8:00 AM,1:00 PM
1799,2021-04-03,2021-04-03,Sat,10:00 AM,2:00 PM
1800,2017-06-03,2017-09-30,Sun,9:00 AM,12:00 PM
1801,2017-11-01,2018-04-28,Sun,10:00 AM,1:00 PM
1802,2018-05-17,2018-10-31,Thu,3:00 PM,7:00 PM
1803,2018-05-19,2020-10-31,Wed,3:00 PM,6:00 PM
1804,2018-05-19,2020-10-31,Sat,9:00 AM,2:00 PM
1805,2018-11-03,2019-05-04,Sat,10:00 AM,2:00 PM
1806,2020-06-25,2020-10-08,Thu,3:00 PM,7:00 PM
1807,2022-05-04,2022-05-04,Wed,11:00 AM,2:00 PM
1808,2018-05-18,,Fri,2:00 PM,6:00 PM
1809,2018-06-11,2018-08-27,Mon,4:00 PM,7:00 PM
1810,2017-06-06,2017-08-30,Wed,2:00 PM,5:30 PM
1811,2019-06-11,2019-10-29,Tue,8:00 AM,1:00 PM
1812,2018-06-10,2018-11-04,Sun,7:30 AM,12:30 PM
1813,2018-05-01,,Wed,4:00 PM,7:30 PM
1814,2018-05-01,,Sat,8:00 AM,1:00 PM
1815,2021-02-13,2021-02-13,Sat,3:30 PM,7:30 PM
1816,2021-03-13,2021-03-13,Sat,9:00 AM,12:00 PM
1817,2021-04-10,2021-04-10,Sat,9:00 AM,12:00 PM
1818,2018-01-01,2018-12-31,Wed,3:00 PM,6:00 PM
1819,2018-01-01,2018-12-31,Sat,7:00 AM,12:00 PM
1820,2021-04-22,2021-04-22,Thu,4:00 PM,8:00 PM
1821,2021-07-11,2021-07-11,Sun,10:00 AM,1:00 PM
1822,2021-06-16,2021-06-16,Wed,3:30 PM,6:30 PM
1823,2021-04-01,2021-04-01,Sat,8:00 AM,12:00 PM
1824,2019-01-01,2019-12-31,Tue,10:00 AM,11:00 AM
1825,2018-05-24,2018-08-30,Thu,4:30 PM,6:00 PM
1826,2019-01-01,2019-12-31,Tue,6:30 AM,7:30 AM
1827,2019-01-01,2019-12-31,Sun,11:30 AM,12:30 PM
1828,2019-01-01,2019-12-31,Thu,7:00 AM,8:00 AM
1829,2019-01-01,2019-12-31,Tue,8:00 AM,9:00 AM
1830,2019-04-17,2019-04-30,Wed,2:00 PM,6:00 PM
1831,2021-05-12,2021-05-12,Wed,3:00 PM,7:00 PM
1832,2020-06-01,2020-10-01,Mon,2:30 PM,5:30 PM
1833,2020-06-01,2020-10-01,Thu,2:30 PM,5:30 PM
1834,2021-03-20,2021-03-20,Sat,10:00 AM,2:00 PM
1835,2020-06-04,,Thu,1:00 PM,7:00 PM
1836,2020-06-20,2020-10-03,Sat,9:00 AM,1:00 PM
1837,2019-07-06,2019-10-19,Sat,9:00 AM,1:00 PM
1838,2020-07-30,,Thu,5:30 PM,7:30 PM
1839,2016-06-20,,Mon,3:30 AM,6:00 AM
1840,2021-05-01,2021-05-01,Sat,10:00 AM,1:00 PM
1841,2019-06-01,2019-10-25,Tue,9:00 AM,2:00 PM
1842,2019-06-01,2019-10-25,Sat,9:00 AM,2:00 PM
1843,2020-06-24,2020-10-07,Wed,12:00 PM,4:00 PM
1844,2020-01-10,2020-03-14,Sat,10:00 AM,2:00 PM
1845,2018-05-05,2018-10-27,Sat,4:00 PM,6:00 PM
1846,2021-05-22,2021-05-22,Sat,9:30 AM,12:30 PM
1847,2018-06-01,2018-10-31,Wed,10:00 AM,3:00 PM
1848,2018-05-16,2018-10-24,Wed,10:00 AM,2:00 PM
1849,2022-06-30,2022-06-30,Thu,4:00 PM,7:00 PM
1850,2021-04-24,2021-04-24,Tue,4:00 PM,7:00 PM
1851,2021-04-24,2021-04-24,Thu,11:00 AM,2:00 PM
1852,2021-04-24,2021-04-24,Sat,9:00 AM,12:00 PM
1853,2021-08-21,2021-08-21,Tue,4:00 PM,7:00 PM
1854,2021-08-21,2021-08-21,Sat,9:00 AM,12:00 PM
1855,2020-07-09,2020-10-15,Thu,3:00 PM,5:00 PM
1856,2020-06-01,2020-10-31,Sat,8:30 AM,1:00 PM
1857,2020-06-10,2020-10-07,Wed,3:30 PM,6:00 PM
1858,2018-08-02,2018-09-13,Thu,5:00 PM,7:30 PM
1859,2019-05-09,2019-10-17,Thu,3:30 PM,6:30 PM
1860,2018-05-16,2018-10-10,Wed,8:00 AM,12:00 PM
1861,2019-01-01,2019-12-01,Mon,8:00 AM,3:00 PM
1862,2019-01-01,2019-12-01,Tue,8:00 AM,3:00 PM
1863,2019-01-01,2019-12-01,Wed,8:00 AM,3:00 PM
1864,2019-01-01,2019-12-01,Thu,8:00 AM,3:00 PM
1865,2019-01-01,2019-12-01,Fri,8:00 AM,3:00 PM
1866,2018-01-01,2018-12-31,Tue,3:00 PM,6:00 PM
1867,2021-07-08,2021-07-08,Thu,11:00 AM,3:00 PM
1868,2021-07-08,2021-07-08,Sat,10:00 AM,2:00 PM
1869,2018-01-01,2018-12-31,Sun,9:00 AM,2:00 PM
1870,2021-05-05,2021-05-05,Wed,3:30 PM,7:00 PM
1871,2019-05-18,2019-11-02,Sat,9:00 AM,2:00 PM
1872,2019-04-03,2019-11-30,Wed,9:00 AM,1:00 PM
1873,2019-04-03,2019-11-30,Sat,9:00 AM,1:00 PM
1874,2019-12-07,2019-12-28,Sat,9:00 AM,1:00 PM
1875,2018-06-14,2018-12-13,Thu,3:00 PM,7:00 PM
1876,2018-10-01,2019-12-01,Sun,9:00 AM,1:00 PM
1877,2018-01-01,2018-12-31,Thu,3:00 PM,7:00 PM
1878,2019-06-12,2019-09-25,Wed,9:00 AM,1:00 PM
1879,2021-06-17,2021-06-17,Thu,10:00 AM,1:00 PM
1880,2020-05-23,2020-10-01,Sun,9:00 AM,12:00 PM
1881,2021-06-03,2021-06-03,Thu,12:00 PM,5:00 PM
1882,2020-05-21,2020-10-08,Thu,3:00 PM,7:00 PM
1883,2018-05-04,2018-10-26,Fri,3:00 PM,6:00 PM
1884,2021-04-17,2021-04-17,Sat,7:00 AM,12:30 PM
1885,2020-04-18,2020-11-07,Sat,7:00 AM,12:30 PM
1886,2018-07-12,,Thu,11:00 AM,12:30 PM
1887,2021-01-01,2021-01-01,Thu,12:00 AM,5:00 AM
1888,2020-06-07,2020-10-04,Sun,10:00 AM,1:00 PM
1889,2020-05-20,2020-08-12,Wed,3:30 PM,7:00 PM
1890,2021-05-29,2021-05-29,Sat,9:00 AM,2:00 PM
1891,2020-05-02,2020-10-31,Sat,8:30 AM,12:00 PM
1892,2019-04-19,2019-11-17,Fri,10:00 AM,4:00 PM
1893,2019-04-19,2019-11-17,Sat,10:00 AM,4:00 PM
1894,2019-04-19,2019-11-17,Sun,10:00 AM,4:00 PM
1895,2020-04-28,2020-09-29,Tue,5:00 PM,8:00 PM
1896,2020-04-28,2020-09-30,Thu,5:00 PM,8:00 PM
1897,2018-06-30,2018-09-29,Sat,8:30 AM,1:00 PM
1898,2021-03-01,2021-03-01,Thu,10:00 AM,1:00 PM
1899,2021-03-01,2021-03-01,Mon,10:00 AM,1:00 PM
1900,2020-06-01,2020-09-30,Tue,4:00 AM,6:30 PM
1901,2018-04-28,2018-10-27,Sat,9:00 AM,5:00 PM
1902,2020-04-01,2020-10-17,Tue,3:30 PM,5:30 PM
1903,2020-04-01,2020-10-17,Sat,7:30 AM,12:00 PM
1904,2019-06-13,2019-11-14,Thu,3:00 PM,6:30 PM
1905,2022-03-19,2022-03-19,Sat,8:00 AM,12:00 PM
1906,2021-06-05,2021-06-05,Sat,9:00 AM,2:00 PM
1907,2019-06-08,2019-10-26,Sat,9:30 AM,1:30 PM
1908,2019-05-16,2019-11-14,Thu,4:00 PM,7:00 PM
1909,2020-09-28,2020-12-28,Mon,2:00 PM,6:00 PM
1910,2019-12-14,2020-02-22,Sat,8:00 AM,12:00 PM
1911,2019-01-05,2019-05-25,Sat,9:00 AM,3:00 PM
1912,2017-11-01,2018-04-18,Wed,10:00 AM,2:00 PM
1913,2019-06-06,2019-10-26,Thu,8:00 AM,2:00 PM
1914,2019-06-06,2019-10-26,Sat,8:00 AM,2:00 PM
1915,2018-06-14,2018-10-04,Thu,5:00 AM,7:00 PM
1916,2020-01-01,,Mon,8:00 AM,5:00 PM
1917,2020-01-01,,Tue,8:00 AM,5:00 PM
1918,2020-01-01,,Wed,8:00 AM,5:00 PM
1919,2020-01-01,,Thu,8:00 AM,5:00 PM
1920,2020-01-01,,Fri,8:00 AM,5:00 PM
1921,2020-01-01,,Sat,8:00 AM,5:00 PM
1922,2020-01-01,,Sun,8:00 AM,5:00 PM
1923,2020-04-12,2020-10-31,Tue,10:00 AM,5:00 PM
1924,2020-04-12,2020-10-31,Fri,10:00 AM,5:00 PM
1925,2020-04-12,2020-10-31,Sat,10:00 AM,5:00 PM
1926,2015-05-21,2020-10-15,Thu,12:30 PM,4:30 PM
1927,2018-01-01,2018-12-31,Tue,3:00 PM,7:00 PM
1928,2018-01-01,2018-12-31,Sat,10:00 AM,2:00 PM
1929,2020-05-02,2020-10-31,Mon,3:00 PM,6:00 PM
1930,2020-05-02,2020-10-31,Wed,3:00 PM,6:00 PM
1931,2018-05-30,2018-10-17,Wed,3:30 AM,8:00 PM
1932,2018-04-21,2018-12-29,Sat,8:30 AM,12:00 PM
1933,2020-10-31,2020-10-31,Sat,9:00 AM,1:00 PM
1934,2021-04-17,2021-04-17,Sat,8:00 AM,1:00 PM
1935,2020-05-01,2020-10-31,Tue,2:00 PM,6:00 PM
1936,2020-05-01,2020-10-31,Thu,2:00 PM,6:00 PM
1937,2020-05-01,2020-10-31,Sat,7:30 AM,1:00 PM
1938,2020-07-07,2020-10-27,Wed,3:00 PM,6:00 PM
1939,2020-12-12,2020-12-12,Sat,10:00 AM,12:00 PM
1940,2018-01-01,2018-01-01,Sat,8:00 AM,12:00 PM
1941,2019-10-19,2020-04-18,Sun,9:00 AM,12:00 PM
1942,2017-05-01,2017-05-01,Sat,9:00 AM,1:00 PM
1943,2019-05-25,2019-10-12,Sat,7:30 AM,12:00 PM
1944,2019-11-23,2019-11-23,Sat,9:00 AM,1:00 PM
1945,2020-01-01,2020-12-31,Sat,8:00 AM,4:00 PM
1946,2020-01-01,2020-12-31,Sun,8:00 AM,4:00 PM
1947,2019-05-10,2019-10-18,Fri,4:00 PM,7:00 PM
1948,2018-01-01,2018-12-31,Sun,11:00 AM,3:00 PM
1949,2018-01-01,2018-12-31,Fri,4:00 PM,8:00 PM
1950,2017-06-14,2017-10-11,Wed,10:00 AM,1:00 PM
1951,2021-04-16,2021-04-16,Fri,4:00 PM,8:00 PM
1952,2021-10-01,2021-10-01,Fri,9:00 AM,2:00 PM
1953,2020-05-02,2020-08-29,Sat,9:00 AM,1:00 PM
1954,2020-06-01,2020-10-12,Mon,3:30 PM,7:00 PM
